a,b,n_prod,mod_ok,inc_ab,inc_ba,mono_ok,cons_ok,ms
3state1ap0acc_030792.sos,3state1ap1acc_01343514762.sos,105,1,0,0,1,1,172
3state1ap0acc_005816.sos,2state1ap2acc_parity_0156533284.sos,42,1,0,0,1,1,22
3state2ap1acc_parity_2715280198836763191216.sos,3state2ap2acc_parity_00145950078354678592542622442268670481382322.sos,92,1,0,0,1,1,113
3state1ap0acc_091212.sos,3state1ap0acc_004741.sos,77,1,0,0,1,1,84
3state1ap0acc_025912.sos,2state1ap1acc_03170.sos,64,1,0,0,1,1,57
3state1ap0acc_024864.sos,3state1ap0acc_071048.sos,34,1,0,0,1,1,13
3state1ap0acc_076332.sos,3state1ap0acc_025104.sos,66,1,0,0,1,1,66
3state1ap0acc_078476.sos,3state1ap0acc_092174.sos,92,1,1,0,1,1,176
3state1ap0acc_069828.sos,3state1ap1acc_parity_10805384360.sos,32,1,0,0,1,1,9
3state1ap1acc_21242053141.sos,3state1ap0acc_007708.sos,112,1,0,0,1,1,250
2state1ap1acc_01604.sos,2state1ap1acc_01680.sos,22,1,0,0,1,1,5
1state3ap0acc_023.sos,1state3ap1acc_07808.sos,6,1,0,0,1,1,1
3state1ap2acc_parity_0001875479050666053122.sos,3state1ap0acc_024737.sos,62,1,0,0,1,1,55
3state1ap0acc_029201.sos,3state1ap0acc_005158.sos,72,1,0,0,1,1,84
3state1ap1acc_parity_02551254100.sos,3state1ap0acc_026642.sos,93,1,0,0,1,1,106
3state1ap0acc_013352.sos,3state1ap0acc_005294.sos,69,1,0,0,1,1,56
3state1ap1acc_44430561286.sos,2state1ap1acc_01600.sos,34,1,0,1,1,1,14
3state1ap1acc_00193757476.sos,3state1ap1acc_34496190112.sos,29,1,0,1,1,1,9
3state1ap0acc_004358.sos,3state1ap0acc_073832.sos,31,1,0,0,1,1,11
2state1ap2acc_parity_0176724042.sos,3state1ap0acc_079896.sos,273,1,0,0,1,1,2257
3state1ap1acc_19668730178.sos,3state1ap0acc_078476.sos,31,1,0,0,1,1,8
2state2ap2acc_parity_16781646786751205954.sos,3state2ap2acc_parity_03157052310097838945731323106838689975135344.sos,196,1,0,0,1,1,1013
3state1ap0acc_007302.sos,3state1ap0acc_006488.sos,149,1,0,0,1,1,493
3state2ap2acc_parity_02962600147653635554458786091040961270417802.sos,2state2ap2acc_parity_15000387690674922722.sos,121,1,0,0,1,1,329
3state1ap0acc_025712.sos,3state1ap0acc_005654.sos,498,1,0,0,1,1,12060
3state1ap0acc_024689.sos,3state1ap0acc_075080.sos,54,1,0,0,1,1,34
3state1ap0acc_013992.sos,3state1ap0acc_029961.sos,334,1,0,0,1,1,3135
2state1ap2acc_parity_0021669632.sos,3state1ap0acc_024928.sos,51,1,0,0,1,1,33
2state2ap1acc_parity_4052772551.sos,2state2ap2acc_parity_01870389732279573618.sos,21,1,0,0,1,1,5
2state2ap2acc_parity_15000387690674922722.sos,2state2ap2acc_parity_13872042487650145799.sos,83,1,0,0,1,1,126
3state1ap0acc_079364.sos,2state1ap1acc_04376.sos,170,1,0,0,1,1,677
2state1ap1acc_16898.sos,3state1ap0acc_007432.sos,35,1,0,0,1,1,14
3state1ap0acc_074278.sos,2state1ap2acc_parity_2183419904.sos,73,1,0,0,1,1,73
3state1ap0acc_026705.sos,3state1ap0acc_005261.sos,119,1,0,0,1,1,172
3state1ap0acc_090190.sos,3state1ap0acc_004614.sos,24,1,0,0,1,1,4
2state3ap1acc_parity_04183516953102166478.sos,1state3ap1acc_01960.sos,32,1,0,0,1,1,9
3state1ap0acc_028772.sos,3state1ap0acc_013337.sos,162,1,0,0,1,1,534
3state1ap0acc_025248.sos,3state1ap1acc_23056107610.sos,28,1,1,0,1,1,7
3state1ap0acc_074766.sos,3state1ap0acc_029960.sos,86,1,0,0,1,1,116
3state1ap0acc_021009.sos,3state1ap0acc_090756.sos,21,1,0,0,1,1,4
2state2ap2acc_parity_00484636427467843727.sos,3state2ap2acc_parity_04293279035531711165121808122671204563452021.sos,229,1,0,0,1,1,1820
3state1ap0acc_024784.sos,3state1ap1acc_parity_20303183877.sos,30,1,0,0,1,1,8
3state1ap0acc_025714.sos,3state1ap1acc_08843952581.sos,164,1,0,0,1,1,523
3state1ap0acc_030857.sos,3state1ap0acc_029996.sos,158,1,0,0,1,1,420
3state1ap1acc_parity_03967827977.sos,3state1ap0acc_026800.sos,56,1,0,1,1,1,39
3state1ap0acc_025889.sos,3state1ap0acc_093704.sos,87,1,0,0,1,1,116
3state1ap0acc_024689.sos,3state1ap0acc_013354.sos,57,1,0,0,1,1,37
3state1ap0acc_029704.sos,3state1ap0acc_029710.sos,121,1,0,0,1,1,283
3state1ap0acc_025240.sos,3state1ap0acc_070284.sos,67,1,0,0,1,1,71
3state1ap0acc_092297.sos,3state1ap0acc_005288.sos,84,1,0,0,1,1,82
3state1ap0acc_029966.sos,3state1ap0acc_061698.sos,51,1,0,1,1,1,32
3state1ap1acc_05426999573.sos,2state1ap2acc_parity_0027829076.sos,15,1,0,0,1,1,2
2state1ap1acc_05192.sos,3state1ap1acc_00491390405.sos,30,1,1,0,1,1,10
2state1ap2acc_parity_0015679492.sos,3state1ap1acc_08673512532.sos,27,1,0,0,1,1,8
3state1ap0acc_025172.sos,2state1ap1acc_00292.sos,85,1,0,0,1,1,101
3state1ap0acc_005764.sos,3state1ap0acc_006280.sos,75,1,0,0,1,1,104
3state1ap0acc_091682.sos,3state1ap0acc_073350.sos,75,1,0,0,1,1,68
3state1ap0acc_013348.sos,3state1ap0acc_006692.sos,140,1,0,0,1,1,365
2state1ap2acc_parity_1418363013.sos,2state1ap2acc_parity_1178851077.sos,53,1,0,0,1,1,33
3state1ap0acc_029201.sos,3state1ap1acc_parity_22766815320.sos,32,1,0,0,1,1,9
3state1ap0acc_074472.sos,3state1ap0acc_006324.sos,195,1,0,0,1,1,723
3state1ap0acc_025192.sos,3state1ap0acc_077064.sos,509,1,0,0,1,1,9462
3state1ap0acc_026644.sos,3state1ap0acc_025650.sos,94,1,0,0,1,1,152
2state1ap1acc_01665.sos,3state1ap0acc_007450.sos,33,1,0,0,1,1,11
3state1ap0acc_013336.sos,3state1ap0acc_024728.sos,39,1,0,0,1,1,19
3state1ap0acc_006153.sos,2state1ap2acc_parity_0092292688.sos,35,1,0,0,1,1,13
3state1ap1acc_20652814504.sos,3state1ap0acc_078921.sos,32,1,0,0,1,1,10
2state2ap2acc_parity_04923003682195726666.sos,3state2ap1acc_parity_0564429542916576318587.sos,17,1,0,0,1,1,3
3state1ap0acc_005256.sos,2state1ap1acc_01128.sos,22,1,0,0,1,1,5
2state1ap2acc_parity_0718865472.sos,2state1ap1acc_06272.sos,16,1,0,0,1,1,2
3state1ap0acc_025104.sos,3state1ap0acc_077381.sos,30,1,0,0,1,1,7
2state2ap2acc_parity_18025244405124938740.sos,2state2ap2acc_parity_05552053962249537673.sos,17,1,0,0,1,1,3
3state2ap1acc_parity_2741863524622244296182.sos,2state2ap2acc_parity_05639336569468892253.sos,17,1,0,0,1,1,3
1state2ap2acc_24960.sos,2state2ap2acc_parity_15026862953082550164.sos,44,1,0,0,1,1,25
3state1ap0acc_074776.sos,3state1ap0acc_073862.sos,22,1,0,0,1,1,4
2state1ap2acc_parity_0000361634.sos,3state1ap0acc_079528.sos,30,1,0,0,1,1,7
2state1ap2acc_parity_0277520900.sos,3state1ap1acc_parity_52966326576.sos,22,1,0,0,1,1,4
3state1ap1acc_11157145634.sos,2state1ap1acc_16945.sos,53,1,0,0,1,1,36
2state1ap2acc_parity_0005103746.sos,3state1ap1acc_04753014874.sos,18,1,1,0,1,1,3
3state1ap0acc_007437.sos,3state1ap1acc_34564680784.sos,44,1,0,0,1,1,24
3state1ap0acc_079910.sos,2state1ap2acc_parity_1164845312.sos,34,1,0,0,1,1,10
3state1ap0acc_030724.sos,3state1ap0acc_005774.sos,27,1,0,0,1,1,6
2state1ap0acc_086.sos,3state1ap0acc_030213.sos,95,1,1,0,1,1,154
3state1ap0acc_069816.sos,3state1ap0acc_096520.sos,205,1,1,0,1,1,938
3state1ap1acc_parity_36910530772.sos,3state1ap1acc_21082833921.sos,17,1,1,0,1,1,3
2state1ap2acc_parity_2290440257.sos,3state1ap0acc_107088.sos,27,1,0,0,1,1,7
1state2ap2acc_parity_01537.sos,2state2ap2acc_parity_14134640005280270741.sos,23,1,0,0,1,1,6
3state1ap0acc_013358.sos,2state1ap2acc_parity_0067928106.sos,30,1,0,0,1,1,6
3state1ap0acc_030986.sos,3state1ap0acc_075789.sos,170,1,0,0,1,1,781
3state1ap0acc_069832.sos,3state1ap0acc_004488.sos,39,1,0,0,1,1,20
2state1ap2acc_parity_0085993472.sos,3state1ap1acc_parity_01793722533.sos,25,1,1,0,1,1,6
3state1ap0acc_007178.sos,3state1ap0acc_026772.sos,61,1,0,0,1,1,54
1state2ap2acc_00384.sos,2state2ap2acc_parity_11074436238219028654.sos,15,1,1,0,1,1,2
3state1ap1acc_20652814504.sos,3state1ap0acc_006456.sos,79,1,0,0,1,1,95
2state1ap2acc_parity_1162204226.sos,3state1ap0acc_004630.sos,61,1,0,0,1,1,51
3state1ap0acc_092744.sos,3state1ap2acc_parity_2382534542979542328591.sos,208,1,0,0,1,1,772
3state1ap0acc_013316.sos,3state1ap0acc_024841.sos,25,1,0,0,1,1,6
3state1ap0acc_006198.sos,3state1ap0acc_075790.sos,189,1,0,0,1,1,755
3state1ap1acc_00193757476.sos,3state1ap0acc_020874.sos,22,1,0,0,1,1,4
3state1ap1acc_26315230727.sos,3state1ap1acc_17348330017.sos,46,1,0,0,1,1,31
2state3ap1acc_parity_01246612663415721093.sos,2state3ap1acc_parity_03180546295787250824.sos,251,1,0,0,1,1,2027
2state1ap2acc_parity_0004206080.sos,3state1ap0acc_078568.sos,47,1,0,0,1,1,21
2state1ap2acc_parity_0018098464.sos,2state1ap2acc_parity_0361080842.sos,23,1,0,0,1,1,4
2state1ap2acc_parity_1414367887.sos,3state1ap1acc_23974744129.sos,21,1,0,0,1,1,4
1state3ap1acc_01888.sos,1state3ap1acc_05768.sos,9,1,0,0,1,1,1
3state1ap0acc_070292.sos,3state1ap0acc_027153.sos,34,1,0,0,1,1,11
3state1ap0acc_015364.sos,3state1ap0acc_012744.sos,61,1,0,0,1,1,52
2state1ap2acc_parity_0138730120.sos,3state1ap0acc_006790.sos,42,1,0,0,1,1,19
3state1ap1acc_08633407112.sos,3state1ap1acc_parity_08657112224.sos,36,1,0,0,1,1,7
2state1ap2acc_parity_0495881612.sos,3state1ap0acc_031748.sos,75,1,0,0,1,1,87
3state1ap0acc_007844.sos,2state1ap1acc_06532.sos,82,1,0,0,1,1,104
2state1ap2acc_parity_0005343626.sos,3state1ap0acc_020890.sos,59,1,0,0,1,1,43
3state1ap0acc_107104.sos,2state1ap2acc_parity_0276924416.sos,117,1,0,0,1,1,322
2state1ap2acc_parity_0138758442.sos,3state1ap0acc_071768.sos,72,1,0,0,1,1,78
2state1ap2acc_parity_0007767584.sos,3state1ap0acc_030860.sos,105,1,0,0,1,1,183
3state1ap0acc_030729.sos,2state1ap2acc_parity_0014700292.sos,254,1,0,0,1,1,1766
3state1ap0acc_013908.sos,3state1ap1acc_18792073218.sos,73,1,1,0,1,1,86
3state1ap0acc_030376.sos,3state1ap0acc_029325.sos,34,1,0,0,1,1,8
3state1ap0acc_025236.sos,3state1ap1acc_19869226918.sos,24,1,0,0,1,1,5
2state1ap2acc_parity_0089473569.sos,3state1ap0acc_090856.sos,44,1,0,0,1,1,17
3state1ap0acc_107088.sos,3state1ap0acc_007177.sos,61,1,0,0,1,1,44
3state1ap0acc_071752.sos,3state1ap0acc_075780.sos,86,1,0,0,1,1,109
2state1ap2acc_parity_0027829076.sos,3state1ap0acc_024684.sos,45,1,0,0,1,1,29
3state1ap0acc_106822.sos,3state1ap1acc_17767184896.sos,33,1,0,0,1,1,11
3state1ap0acc_004364.sos,3state1ap0acc_005530.sos,33,1,1,0,1,1,14
2state1ap2acc_parity_1345235106.sos,2state1ap2acc_parity_0144393216.sos,52,1,0,0,1,1,29
2state1ap2acc_parity_1418363013.sos,3state1ap0acc_075860.sos,54,1,0,0,1,1,37
2state1ap2acc_parity_1172351492.sos,3state1ap0acc_079910.sos,30,1,0,0,1,1,8
3state1ap0acc_024910.sos,3state1ap1acc_23974744129.sos,29,1,0,0,1,1,7
3state1ap0acc_092360.sos,3state1ap2acc_parity_0014846191527550102151.sos,107,1,0,0,1,1,172
1state3ap1acc_06145.sos,2state3ap1acc_parity_04421191306838898176.sos,24,1,1,0,1,1,7
3state1ap0acc_078118.sos,3state1ap0acc_025690.sos,92,1,0,1,1,1,142
2state1ap2acc_parity_0071469096.sos,3state1ap0acc_004696.sos,41,1,0,0,1,1,18
2state1ap1acc_06536.sos,2state1ap1acc_01732.sos,21,1,0,0,1,1,4
3state1ap0acc_090856.sos,3state1ap2acc_parity_1282704417945169446419.sos,121,1,0,0,1,1,182
3state1ap0acc_078857.sos,3state1ap0acc_070166.sos,101,1,0,0,1,1,176
3state1ap0acc_025122.sos,3state1ap0acc_021208.sos,105,1,0,0,1,1,186
3state1ap0acc_021928.sos,2state1ap2acc_parity_0002234960.sos,24,1,0,1,1,1,4
3state1ap1acc_25502699548.sos,3state1ap0acc_007693.sos,150,1,0,0,1,1,378
2state1ap2acc_parity_0099450882.sos,3state1ap0acc_005766.sos,342,1,0,0,1,1,3622
3state1ap0acc_090788.sos,3state1ap0acc_071942.sos,200,1,0,0,1,1,1072
2state3ap1acc_parity_12867581998520328908.sos,2state3ap1acc_parity_00824856189703608590.sos,103,1,0,0,1,1,180
3state1ap0acc_006154.sos,3state1ap0acc_004262.sos,41,1,0,0,1,1,18
1state3ap1acc_01832.sos,1state3ap1acc_06241.sos,7,1,0,0,1,1,1
3state1ap0acc_005678.sos,3state1ap0acc_013676.sos,46,1,0,0,1,1,15
3state1ap0acc_096522.sos,3state1ap0acc_006444.sos,65,1,0,1,1,1,43
3state1ap2acc_parity_1282809694496512603916.sos,3state1ap0acc_080390.sos,174,1,0,0,1,1,617
2state1ap2acc_parity_0025166421.sos,3state1ap0acc_074381.sos,16,1,0,0,1,1,1
3state1ap1acc_parity_03910008865.sos,3state1ap0acc_005262.sos,55,1,0,0,1,1,48
3state1ap1acc_parity_52747897074.sos,3state1ap0acc_007336.sos,41,1,0,0,1,1,22
3state1ap0acc_012554.sos,3state1ap0acc_004361.sos,13,1,0,0,1,1,2
3state1ap0acc_091468.sos,3state1ap1acc_01342557538.sos,30,1,0,0,1,1,8
3state1ap0acc_029772.sos,3state1ap0acc_071694.sos,70,1,0,0,1,1,61
3state1ap0acc_005672.sos,3state1ap0acc_005134.sos,53,1,0,0,1,1,38
3state1ap0acc_092678.sos,3state1ap0acc_005669.sos,55,1,0,1,1,1,31
2state1ap2acc_parity_0005327658.sos,3state1ap0acc_006276.sos,29,1,0,0,1,1,9
3state1ap0acc_078886.sos,2state1ap2acc_parity_0006266880.sos,46,1,0,0,1,1,18
3state1ap0acc_073992.sos,2state1ap0acc_100.sos,11,1,0,0,1,1,1
3state1ap0acc_080072.sos,3state1ap0acc_091464.sos,118,1,0,0,1,1,223
3state1ap0acc_026193.sos,3state1ap0acc_025625.sos,83,1,0,0,1,1,111
2state1ap2acc_parity_0072712844.sos,3state1ap0acc_026681.sos,35,1,0,0,1,1,10
2state1ap2acc_parity_0007950596.sos,3state1ap0acc_027188.sos,49,1,1,0,1,1,33
3state1ap0acc_004233.sos,3state1ap0acc_090625.sos,17,1,0,0,1,1,3
3state1ap2acc_parity_1579816884277793915663.sos,2state1ap2acc_parity_0585695318.sos,15,1,0,0,1,1,2
3state1ap0acc_007320.sos,2state1ap2acc_parity_0088836118.sos,55,1,0,0,1,1,42
2state2ap2acc_parity_09615319376540246571.sos,2state2ap2acc_parity_00439074706766889622.sos,63,1,0,0,1,1,52
2state1ap2acc_parity_0682573952.sos,3state1ap0acc_029796.sos,128,1,0,0,1,1,296
3state1ap0acc_090692.sos,3state1ap0acc_007686.sos,212,1,0,0,1,1,1303
3state1ap0acc_004228.sos,3state1ap0acc_007192.sos,35,1,0,0,1,1,14
3state1ap0acc_029416.sos,2state1ap2acc_parity_1163469064.sos,52,1,0,0,1,1,37
3state1ap0acc_078340.sos,3state1ap1acc_05512692032.sos,36,1,0,0,1,1,12
3state1ap0acc_005780.sos,3state1ap0acc_090640.sos,69,1,0,0,1,1,70
3state1ap0acc_075908.sos,3state1ap1acc_parity_43503326392.sos,65,1,1,0,1,1,58
3state1ap0acc_092678.sos,3state1ap0acc_024842.sos,11,1,0,1,1,1,1
3state1ap0acc_029734.sos,3state1ap0acc_024930.sos,113,1,0,1,1,1,231
1state3ap2acc_parity_4009950875.sos,1state3ap0acc_024.sos,6,1,0,0,1,1,1
3state1ap1acc_00140268272.sos,3state1ap0acc_012744.sos,11,1,0,0,1,1,1
3state1ap0acc_006152.sos,3state1ap0acc_025890.sos,35,1,0,0,1,1,11
3state1ap0acc_091492.sos,3state1ap0acc_074264.sos,96,1,0,0,1,1,135
3state1ap2acc_parity_0222475581887189605899.sos,3state1ap0acc_030860.sos,199,1,0,0,1,1,781
2state1ap2acc_parity_0002234113.sos,3state1ap0acc_076297.sos,117,1,0,0,1,1,215
3state1ap0acc_031748.sos,2state1ap2acc_parity_0570982178.sos,54,1,0,0,1,1,34
2state1ap2acc_parity_0570982178.sos,3state1ap0acc_006154.sos,21,1,0,0,1,1,4
3state1ap0acc_021920.sos,3state1ap0acc_030376.sos,116,1,0,0,1,1,180
2state1ap2acc_parity_2292326218.sos,3state1ap0acc_071710.sos,36,1,0,0,1,1,12
3state1ap0acc_005388.sos,3state1ap0acc_025893.sos,130,1,0,0,1,1,314
2state1ap2acc_parity_2856797194.sos,3state1ap0acc_029205.sos,37,1,0,0,1,1,19
3state1ap0acc_026680.sos,3state1ap1acc_19338404765.sos,136,1,0,0,1,1,315
3state1ap1acc_46306722133.sos,3state1ap0acc_075972.sos,34,1,0,0,1,1,16
3state1ap0acc_005514.sos,3state1ap0acc_007454.sos,85,1,0,0,1,1,100
3state2ap2acc_parity_00442143975446621002174926794741649083380452.sos,2state2ap2acc_parity_05797946903552054708.sos,48,1,0,0,1,1,39
3state1ap0acc_012682.sos,3state1ap0acc_030212.sos,174,1,0,0,1,1,646
3state1ap2acc_parity_0074561785298575102789.sos,3state1ap0acc_074264.sos,48,1,0,0,1,1,25
2state1ap1acc_17184.sos,3state1ap1acc_36592242562.sos,8,1,1,0,1,1,1
3state1ap0acc_086153.sos,3state1ap0acc_028742.sos,15,1,0,0,1,1,2
2state1ap2acc_parity_1178851077.sos,3state1ap0acc_028742.sos,41,1,0,0,1,1,21
3state1ap0acc_007450.sos,3state1ap0acc_007190.sos,305,1,0,0,1,1,2241
3state1ap1acc_01477526538.sos,3state1ap0acc_029988.sos,144,1,0,0,1,1,467
2state1ap2acc_parity_1413644800.sos,3state1ap0acc_076868.sos,89,1,0,0,1,1,138
3state1ap0acc_070042.sos,2state1ap2acc_parity_0019047233.sos,51,1,0,0,1,1,33
3state1ap1acc_19869226918.sos,3state1ap0acc_070798.sos,50,1,0,0,1,1,30
2state2ap2acc_parity_13996973146915486277.sos,2state2ap2acc_parity_02648063864873096543.sos,86,1,0,0,1,1,115
3state1ap0acc_005769.sos,3state1ap0acc_024800.sos,80,1,0,0,1,1,96
3state1ap1acc_parity_05519769640.sos,3state1ap0acc_030856.sos,32,1,0,0,1,1,9
3state1ap0acc_026640.sos,3state1ap0acc_075880.sos,116,1,0,0,1,1,202
3state1ap0acc_078374.sos,3state1ap0acc_073996.sos,18,1,0,0,1,1,2
3state1ap0acc_021025.sos,3state1ap0acc_028809.sos,41,1,0,0,1,1,18
3state1ap0acc_029772.sos,3state1ap0acc_078920.sos,97,1,0,0,1,1,164
3state1ap0acc_029066.sos,3state1ap2acc_parity_1185525822757898551385.sos,35,1,0,0,1,1,12
3state1ap0acc_092676.sos,3state1ap0acc_005816.sos,57,1,0,1,1,1,37
3state1ap0acc_006204.sos,3state1ap0acc_079492.sos,152,1,0,0,1,1,466
3state1ap1acc_parity_34972191752.sos,3state1ap2acc_parity_0171234438415938685971.sos,43,1,0,0,1,1,22
3state1ap2acc_parity_0001875479050666053122.sos,3state1ap0acc_090476.sos,61,1,0,0,1,1,43
3state1ap0acc_025097.sos,3state1ap1acc_02229236748.sos,12,1,0,0,1,1,1
3state1ap2acc_parity_0060745595278284511253.sos,3state1ap1acc_02229236748.sos,65,1,0,0,1,1,49
3state1ap1acc_parity_03556904328.sos,3state1ap0acc_092184.sos,124,1,0,0,1,1,292
3state1ap0acc_021914.sos,2state1ap2acc_parity_1411326464.sos,78,1,0,0,1,1,86
3state1ap0acc_024924.sos,2state1ap2acc_parity_0277848579.sos,99,1,0,0,1,1,140
3state1ap1acc_parity_34972191752.sos,3state1ap0acc_004760.sos,40,1,0,0,1,1,17
3state1ap0acc_024850.sos,3state1ap0acc_070296.sos,36,1,0,0,1,1,13
1state3ap1acc_15427.sos,1state3ap1acc_00836.sos,9,1,0,0,1,1,1
3state1ap0acc_006424.sos,3state1ap0acc_005692.sos,179,1,0,0,1,1,636
3state1ap0acc_080038.sos,3state1ap0acc_030112.sos,63,1,0,0,1,1,45
3state1ap1acc_parity_35299394712.sos,3state1ap0acc_004392.sos,23,1,0,0,1,1,5
1state3ap1acc_27540.sos,2state3ap1acc_parity_05851015537376627983.sos,45,1,0,0,1,1,33
2state1ap1acc_04646.sos,3state1ap0acc_073816.sos,24,1,0,0,1,1,6
3state1ap1acc_00089691476.sos,3state1ap0acc_006158.sos,40,1,0,0,1,1,17
2state1ap2acc_parity_2340605713.sos,3state1ap0acc_006538.sos,56,1,0,0,1,1,47
3state1ap0acc_029740.sos,3state1ap0acc_004628.sos,60,1,0,1,1,1,39
3state1ap0acc_007448.sos,3state1ap0acc_061858.sos,216,1,0,0,1,1,1077
3state1ap0acc_112772.sos,3state1ap0acc_075913.sos,224,1,0,0,1,1,981
3state1ap0acc_091244.sos,3state1ap1acc_05426999573.sos,35,1,0,0,1,1,9
3state1ap0acc_029784.sos,3state1ap0acc_013612.sos,126,1,0,0,1,1,181
3state1ap0acc_024720.sos,3state1ap1acc_03939848796.sos,25,1,0,0,1,1,6
3state1ap0acc_090184.sos,3state1ap0acc_004709.sos,36,1,0,0,1,1,13
3state1ap0acc_004660.sos,3state1ap0acc_006488.sos,52,1,0,0,1,1,33
3state1ap1acc_21877768580.sos,3state1ap0acc_092426.sos,199,1,0,0,1,1,806
2state1ap2acc_parity_0156533284.sos,3state1ap0acc_030792.sos,66,1,0,0,1,1,72
3state1ap0acc_029784.sos,3state1ap0acc_007180.sos,138,1,0,0,1,1,335
2state1ap2acc_parity_0006266880.sos,3state1ap0acc_026676.sos,55,1,0,0,1,1,47
3state1ap0acc_030920.sos,3state1ap0acc_092302.sos,173,1,0,0,1,1,680
3state1ap0acc_024920.sos,3state1ap0acc_026709.sos,105,1,0,0,1,1,162
3state1ap0acc_080901.sos,3state1ap0acc_029205.sos,76,1,0,0,1,1,87
1state1ap1acc_06.sos,2state1ap2acc_parity_0270871214.sos,14,1,0,0,1,1,2
3state1ap0acc_078405.sos,3state1ap0acc_025121.sos,77,1,0,0,1,1,79
3state1ap0acc_007316.sos,3state1ap0acc_029708.sos,258,1,0,0,1,1,1719
3state1ap0acc_013317.sos,3state1ap0acc_090730.sos,25,1,0,0,1,1,5
2state1ap2acc_parity_0137251585.sos,3state1ap0acc_074308.sos,27,1,0,0,1,1,7
3state1ap0acc_020914.sos,3state1ap0acc_004649.sos,45,1,0,0,1,1,18
3state1ap0acc_006424.sos,3state1ap0acc_073992.sos,30,1,0,0,1,1,12
2state2ap2acc_parity_03926171514245816491.sos,3state2ap1acc_parity_3728182805126039280373.sos,25,1,0,0,1,1,5
2state2ap2acc_parity_16167537752663071043.sos,2state2ap2acc_parity_10380556581045360796.sos,85,1,0,0,1,1,141
3state1ap0acc_025121.sos,3state1ap0acc_071962.sos,76,1,0,0,1,1,65
1state3ap1acc_01785.sos,1state3ap1acc_06980.sos,6,1,0,1,1,1,1
1state2ap1acc_018.sos,2state2ap2acc_parity_14758967385165899847.sos,35,1,0,0,1,1,14
3state1ap2acc_parity_0014846191527550102151.sos,3state1ap0acc_024649.sos,37,1,0,0,1,1,17
3state1ap1acc_05426999573.sos,3state1ap0acc_072326.sos,12,1,0,0,1,1,1
3state1ap0acc_026192.sos,3state1ap2acc_parity_2389435322183415105036.sos,127,1,0,0,1,1,311
3state1ap0acc_074062.sos,3state1ap1acc_parity_52882319568.sos,27,1,0,0,1,1,5
3state1ap0acc_073834.sos,2state1ap1acc_01176.sos,36,1,0,0,1,1,13
3state1ap0acc_078476.sos,3state1ap0acc_073832.sos,54,1,0,0,1,1,35
3state1ap0acc_073892.sos,3state1ap0acc_090690.sos,35,1,0,1,1,1,14
3state1ap0acc_090728.sos,3state1ap0acc_006292.sos,36,1,0,1,1,1,12
3state1ap0acc_086640.sos,2state1ap2acc_parity_0005510283.sos,102,1,0,0,1,1,148
3state1ap0acc_013389.sos,3state1ap1acc_25267159780.sos,113,1,0,0,1,1,193
3state1ap0acc_091808.sos,3state1ap0acc_077976.sos,113,1,0,0,1,1,269
3state1ap1acc_10375004459.sos,3state1ap0acc_075940.sos,55,1,0,0,1,1,45
1state3ap1acc_06181.sos,1state3ap1acc_01560.sos,7,1,0,1,1,1,1
3state1ap0acc_112780.sos,3state1ap0acc_006156.sos,41,1,0,0,1,1,15
2state1ap2acc_parity_2154185733.sos,3state1ap0acc_025360.sos,29,1,0,0,1,1,9
1state2ap2acc_parity_06150.sos,2state2ap2acc_parity_08145707971420113983.sos,6,1,0,0,1,1,1
2state2ap1acc_parity_3430179795.sos,2state2ap2acc_parity_16781646786751205954.sos,19,1,0,0,1,1,4
3state1ap0acc_013582.sos,2state1ap2acc_parity_0004496645.sos,185,1,0,0,1,1,708
2state1ap1acc_01170.sos,2state1ap2acc_parity_1409747520.sos,19,1,0,0,1,1,3
2state2ap2acc_parity_01838757176823623953.sos,2state2ap1acc_parity_2727375402.sos,54,1,0,0,1,1,50
3state1ap0acc_073993.sos,3state1ap0acc_076074.sos,40,1,0,0,1,1,17
3state1ap0acc_070792.sos,3state1ap0acc_007308.sos,136,1,0,0,1,1,392
3state1ap0acc_029204.sos,3state1ap0acc_004696.sos,33,1,0,0,1,1,12
3state1ap1acc_18254146625.sos,3state1ap0acc_012628.sos,29,1,0,0,1,1,8
2state1ap2acc_parity_0004552970.sos,2state1ap2acc_parity_0006266880.sos,14,1,0,0,1,1,2
2state2ap2acc_parity_13374962817146464785.sos,3state2ap2acc_parity_00002382211212622917890616193867070465190424.sos,174,1,0,0,1,1,625
1state2ap3acc_parity_0178405888.sos,2state2ap2acc_parity_02406207182630619308.sos,37,1,0,0,1,1,17
3state1ap0acc_074392.sos,3state1ap0acc_079428.sos,159,1,0,0,1,1,558
3state1ap0acc_013592.sos,3state1ap0acc_071182.sos,256,1,0,0,1,1,1767
3state1ap0acc_021542.sos,3state1ap0acc_030225.sos,187,1,0,0,1,1,716
2state1ap2acc_parity_2292326218.sos,3state1ap0acc_025834.sos,12,1,0,0,1,1,1
3state1ap1acc_08072646820.sos,3state1ap0acc_071308.sos,55,1,0,0,1,1,38
3state1ap0acc_078357.sos,3state1ap0acc_005160.sos,30,1,0,0,1,1,9
3state1ap1acc_parity_43503326392.sos,3state1ap0acc_071302.sos,199,1,0,0,1,1,810
3state1ap1acc_01077565512.sos,3state1ap0acc_074824.sos,51,1,0,0,1,1,34
3state1ap1acc_02424312715.sos,3state1ap1acc_20602585714.sos,18,1,0,1,1,1,3
3state1ap0acc_007692.sos,3state1ap1acc_45500682644.sos,89,1,0,0,1,1,128
3state1ap1acc_52892438391.sos,3state1ap0acc_081412.sos,50,1,0,0,1,1,28
3state1ap0acc_090792.sos,3state1ap0acc_006284.sos,56,1,0,0,1,1,41
2state1ap2acc_parity_0005327658.sos,3state1ap0acc_073801.sos,24,1,0,0,1,1,6
3state1ap1acc_09254850569.sos,3state1ap2acc_parity_0139428921495586556420.sos,98,1,0,0,1,1,183
3state1ap0acc_031880.sos,3state1ap1acc_25502699548.sos,178,1,0,0,1,1,373
3state1ap0acc_070798.sos,3state1ap1acc_parity_17355320612.sos,70,1,0,0,1,1,69
3state1ap0acc_025248.sos,3state1ap0acc_029189.sos,27,1,0,0,1,1,7
2state1ap2acc_parity_0570982178.sos,3state1ap0acc_090689.sos,15,1,0,0,1,1,3
3state1ap1acc_19370344645.sos,3state1ap0acc_078356.sos,40,1,0,0,1,1,19
3state1ap0acc_013704.sos,3state1ap0acc_007436.sos,249,1,0,0,1,1,1685
3state1ap0acc_005637.sos,2state1ap2acc_parity_0145166592.sos,35,1,0,0,1,1,14
3state1ap0acc_078420.sos,3state1ap0acc_075880.sos,321,1,0,0,1,1,3810
2state1ap2acc_parity_0004538925.sos,2state1ap2acc_parity_0088596480.sos,45,1,0,0,1,1,20
3state1ap0acc_021914.sos,3state1ap0acc_008292.sos,82,1,0,0,1,1,120
3state1ap1acc_45745376256.sos,2state1ap2acc_parity_0069904465.sos,21,1,0,0,1,1,5
2state1ap1acc_16912.sos,2state1ap1acc_19554.sos,14,1,0,0,1,1,2
3state1ap1acc_18465629186.sos,3state1ap0acc_080388.sos,20,1,0,0,1,1,4
3state1ap0acc_075913.sos,2state1ap1acc_06208.sos,158,1,0,0,1,1,485
3state2ap1acc_parity_1967668635396872344074.sos,2state2ap2acc_parity_11862219100637939786.sos,39,1,0,0,1,1,15
2state1ap2acc_parity_0156533284.sos,3state1ap0acc_071750.sos,94,1,0,0,1,1,158
2state1ap2acc_parity_0042324737.sos,3state1ap0acc_005158.sos,62,1,0,0,1,1,64
3state1ap0acc_005386.sos,3state1ap0acc_026640.sos,54,1,0,0,1,1,37
3state1ap0acc_020712.sos,3state1ap0acc_080072.sos,132,1,0,0,1,1,308
3state1ap2acc_parity_0148944075204556934340.sos,3state1ap0acc_005304.sos,43,1,0,0,1,1,32
3state1ap0acc_096522.sos,3state1ap0acc_006478.sos,62,1,0,0,1,1,33
3state1ap0acc_029832.sos,3state1ap0acc_031748.sos,133,1,0,0,1,1,355
3state1ap0acc_004756.sos,3state1ap0acc_025168.sos,206,1,0,0,1,1,1194
3state1ap0acc_012584.sos,3state1ap0acc_026644.sos,53,1,0,0,1,1,38
3state1ap1acc_22974391297.sos,3state1ap0acc_004773.sos,17,1,0,0,1,1,3
2state1ap1acc_16928.sos,2state1ap1acc_00300.sos,12,1,0,0,1,1,1
3state1ap1acc_04529581125.sos,3state1ap0acc_025712.sos,134,1,0,0,1,1,339
3state1ap1acc_18465629186.sos,3state1ap0acc_020920.sos,80,1,0,0,1,1,79
3state1ap1acc_35444140389.sos,3state1ap0acc_004520.sos,47,1,0,1,1,1,23
2state1ap2acc_parity_1296386980.sos,3state1ap1acc_17217970752.sos,35,1,1,0,1,1,11
3state1ap0acc_091500.sos,3state1ap1acc_25917628326.sos,23,1,0,0,1,1,3
2state1ap1acc_00300.sos,3state1ap0acc_021092.sos,51,1,0,0,1,1,35
3state1ap1acc_11437608962.sos,3state1ap0acc_075080.sos,21,1,0,0,1,1,4
1state3ap1acc_00316.sos,2state3ap1acc_parity_05167836202901859035.sos,5,1,1,0,1,1,1
3state1ap0acc_005800.sos,2state1ap2acc_parity_0352460833.sos,42,1,0,0,1,1,21
3state1ap0acc_025268.sos,3state1ap0acc_074381.sos,29,1,0,0,1,1,10
3state1ap1acc_21902725346.sos,2state1ap1acc_00292.sos,21,1,0,1,1,1,5
3state1ap0acc_029380.sos,2state1ap2acc_parity_0001576965.sos,20,1,0,0,1,1,3
2state2ap2acc_parity_00484636427467843727.sos,1state2ap2acc_parity_04620.sos,23,1,0,0,1,1,5
3state1ap0acc_090708.sos,2state1ap2acc_parity_0152260743.sos,62,1,0,0,1,1,49
2state1ap2acc_parity_0025879815.sos,3state1ap0acc_004394.sos,23,1,0,0,1,1,6
3state1ap0acc_026673.sos,3state1ap0acc_074008.sos,39,1,0,0,1,1,13
3state1ap0acc_079940.sos,3state1ap0acc_006430.sos,165,1,0,0,1,1,599
3state1ap0acc_074830.sos,3state1ap0acc_025109.sos,45,1,0,0,1,1,18
3state1ap0acc_012582.sos,3state1ap0acc_073862.sos,32,1,0,0,1,1,10
3state1ap2acc_parity_0003551095219024464900.sos,3state1ap0acc_006157.sos,113,1,0,0,1,1,228
3state1ap0acc_005673.sos,2state1ap2acc_parity_0001417481.sos,26,1,0,0,1,1,7
3state1ap0acc_013400.sos,3state1ap0acc_024834.sos,39,1,0,0,1,1,18
2state2ap1acc_parity_0159908079.sos,2state2ap2acc_parity_12448253426692137018.sos,15,1,0,0,1,1,3
3state1ap0acc_029704.sos,3state1ap0acc_004614.sos,33,1,0,0,1,1,13
1state3ap1acc_16192.sos,2state3ap1acc_parity_11631107891409727696.sos,72,1,1,0,1,1,100
3state1ap0acc_078216.sos,3state1ap0acc_006204.sos,52,1,0,0,1,1,36
3state1ap0acc_005773.sos,2state1ap2acc_parity_2856797194.sos,27,1,0,0,1,1,6
2state1ap2acc_parity_1092894811.sos,2state1ap2acc_parity_0000361634.sos,11,1,0,1,1,1,1
3state1ap1acc_03399617981.sos,3state1ap0acc_024810.sos,32,1,0,0,1,1,9
2state1ap1acc_18577.sos,3state1ap0acc_073996.sos,15,1,0,0,1,1,2
3state1ap1acc_25170543041.sos,3state1ap0acc_093704.sos,25,1,0,0,1,1,5
3state2ap2acc_parity_00061592233611000385176039360646585421125640.sos,3state2ap2acc_parity_02402374494256087094923511219952545824759934.sos,41,1,0,0,1,1,20
2state1ap2acc_parity_0069045002.sos,3state1ap2acc_parity_1500892642206368090510.sos,70,1,1,0,1,1,75
2state1ap1acc_06540.sos,2state1ap2acc_parity_0279620104.sos,32,1,0,0,1,1,12
1state3ap1acc_00258.sos,1state3ap1acc_28560.sos,5,1,0,0,1,1,1
3state1ap1acc_19663242261.sos,3state1ap0acc_021678.sos,103,1,0,0,1,1,143
2state1ap1acc_01668.sos,3state1ap0acc_079445.sos,36,1,0,0,1,1,14
2state2ap2acc_parity_08130995486210534005.sos,2state2ap1acc_parity_2441186847.sos,38,1,0,0,1,1,14
3state1ap0acc_092169.sos,3state1ap0acc_012388.sos,158,1,0,0,1,1,629
3state1ap0acc_007212.sos,2state1ap1acc_05762.sos,91,1,0,0,1,1,122
2state1ap2acc_parity_0000349482.sos,3state1ap0acc_079364.sos,178,1,0,0,1,1,668
3state1ap0acc_007462.sos,3state1ap0acc_079428.sos,324,1,0,0,1,1,3883
3state1ap0acc_006158.sos,3state1ap0acc_091650.sos,73,1,0,0,1,1,75
3state1ap0acc_092424.sos,2state1ap2acc_parity_0148980997.sos,334,1,0,0,1,1,3453
2state1ap2acc_parity_0041950982.sos,3state1ap0acc_024773.sos,17,1,0,0,1,1,3
3state1ap0acc_026708.sos,3state1ap0acc_030052.sos,366,1,0,0,1,1,4629
3state1ap0acc_012584.sos,3state1ap1acc_43021293649.sos,21,1,0,0,1,1,5
3state1ap0acc_027192.sos,3state1ap0acc_090756.sos,43,1,0,0,1,1,20
3state1ap1acc_parity_34454263104.sos,3state1ap1acc_19668730178.sos,18,1,1,0,1,1,3
2state1ap2acc_parity_0086686273.sos,2state1ap2acc_parity_0344556040.sos,16,1,0,0,1,1,2
3state1ap0acc_029064.sos,3state1ap2acc_parity_2394189647080323615534.sos,68,1,0,0,1,1,68
1state2ap2acc_13440.sos,2state2ap2acc_parity_09551840174495893706.sos,71,1,0,0,1,1,89
3state1ap0acc_004620.sos,3state1ap0acc_015624.sos,33,1,0,0,1,1,12
3state1ap0acc_029000.sos,3state1ap0acc_012376.sos,24,1,1,0,1,1,9
3state1ap0acc_024665.sos,3state1ap0acc_013352.sos,102,1,0,0,1,1,158
3state1ap0acc_031236.sos,2state1ap2acc_parity_0002957056.sos,34,1,0,0,1,1,13
3state1ap0acc_007204.sos,3state1ap0acc_096270.sos,56,1,1,0,1,1,38
1state3ap1acc_06247.sos,1state3ap1acc_15744.sos,6,1,0,0,1,1,1
3state1ap0acc_007812.sos,3state1ap0acc_013576.sos,31,1,0,0,1,1,11
3state1ap0acc_012388.sos,3state1ap0acc_080024.sos,243,1,0,0,1,1,1595
3state2ap2acc_parity_02402374494256087094923511219952545824759934.sos,1state2ap1acc_052.sos,18,1,0,1,1,1,4
2state2ap2acc_parity_00289891630156527747.sos,2state2ap2acc_parity_01280044516422210070.sos,70,1,0,0,1,1,76
3state1ap1acc_26315230727.sos,3state1ap0acc_078858.sos,38,1,0,0,1,1,16
3state1ap0acc_090788.sos,3state1ap0acc_012554.sos,42,1,0,0,1,1,19
3state1ap0acc_025168.sos,3state1ap2acc_parity_0606935064164989750689.sos,97,1,0,0,1,1,190
3state1ap0acc_025708.sos,3state1ap0acc_025186.sos,67,1,0,0,1,1,53
3state1ap1acc_45349179777.sos,3state1ap0acc_079886.sos,73,1,0,0,1,1,63
3state1ap0acc_096280.sos,3state1ap1acc_18532805825.sos,99,1,0,1,1,1,146
3state1ap1acc_37118511116.sos,3state1ap0acc_031312.sos,58,1,0,0,1,1,43
2state1ap2acc_parity_0407651467.sos,2state1ap1acc_17186.sos,24,1,0,0,1,1,5
3state2ap2acc_parity_01671872368947369295779274718125672666768101.sos,2state2ap2acc_parity_06974843191079472382.sos,172,1,0,0,1,1,616
3state1ap0acc_077128.sos,3state1ap0acc_031010.sos,122,1,0,0,1,1,250
3state1ap0acc_013828.sos,3state1ap2acc_parity_2574024314207122656261.sos,248,1,0,0,1,1,1709
3state1ap0acc_022128.sos,3state1ap0acc_007348.sos,295,1,0,0,1,1,2776
3state1ap0acc_070248.sos,3state1ap2acc_parity_0621461284216197900356.sos,71,1,0,0,1,1,69
3state1ap0acc_029280.sos,3state1ap0acc_027165.sos,75,1,0,0,1,1,64
2state1ap1acc_04358.sos,2state1ap2acc_parity_1079880192.sos,12,1,0,0,1,1,1
3state1ap0acc_076040.sos,3state1ap0acc_005148.sos,221,1,0,0,1,1,1301
3state1ap1acc_22281070770.sos,2state1ap2acc_parity_0130047747.sos,25,1,0,1,1,1,5
3state1ap0acc_086624.sos,3state1ap0acc_024672.sos,60,1,0,0,1,1,43
3state1ap0acc_093192.sos,2state1ap2acc_parity_0069045002.sos,59,1,0,0,1,1,55
3state1ap0acc_078340.sos,2state1ap2acc_parity_0089313800.sos,28,1,0,0,1,1,8
3state1ap0acc_006166.sos,2state1ap2acc_parity_0004295586.sos,34,1,0,0,1,1,13
2state2ap1acc_parity_1365881096.sos,2state2ap1acc_parity_0862113842.sos,145,1,0,0,1,1,362
3state1ap0acc_074245.sos,3state1ap1acc_00215124056.sos,62,1,0,0,1,1,67
3state1ap0acc_028742.sos,3state1ap1acc_05512692032.sos,37,1,0,0,1,1,21
2state1ap1acc_01600.sos,3state1ap0acc_069816.sos,36,1,0,0,1,1,15
3state1ap1acc_20944955967.sos,3state1ap1acc_01343514762.sos,16,1,0,0,1,1,2
3state1ap0acc_078088.sos,3state1ap0acc_092426.sos,76,1,1,0,1,1,85
3state1ap0acc_005134.sos,3state1ap1acc_18967311018.sos,29,1,0,0,1,1,9
3state1ap0acc_070244.sos,3state1ap0acc_026193.sos,118,1,0,0,1,1,299
3state1ap0acc_024778.sos,3state1ap0acc_025169.sos,72,1,0,0,1,1,59
3state1ap0acc_029773.sos,3state1ap1acc_25267159780.sos,113,1,0,0,1,1,189
3state1ap0acc_091808.sos,3state1ap0acc_025720.sos,208,1,0,0,1,1,895
3state1ap0acc_096265.sos,3state1ap1acc_00423923360.sos,64,1,0,0,1,1,57
3state1ap0acc_024657.sos,3state1ap0acc_004632.sos,22,1,0,0,1,1,5
3state1ap0acc_080008.sos,3state1ap0acc_029280.sos,67,1,0,0,1,1,56
3state1ap0acc_028804.sos,3state1ap1acc_11437608962.sos,16,1,0,0,1,1,3
2state1ap2acc_parity_0007767584.sos,3state1ap0acc_023089.sos,61,1,0,0,1,1,52
2state2ap2acc_parity_17406412568756735376.sos,1state2ap2acc_parity_04612.sos,6,1,0,0,1,1,1
3state1ap1acc_02383774432.sos,3state1ap2acc_parity_2394189647080323615534.sos,44,1,0,1,1,1,24
2state1ap0acc_049.sos,3state1ap0acc_004392.sos,14,1,0,0,1,1,2
3state1ap0acc_076332.sos,3state1ap0acc_076294.sos,329,1,0,0,1,1,4234
3state1ap0acc_029732.sos,2state1ap2acc_parity_0175001344.sos,184,1,0,0,1,1,716
3state1ap0acc_028748.sos,3state1ap1acc_18257616771.sos,15,1,0,0,1,1,3
3state1ap2acc_parity_0047419954103847689795.sos,3state1ap0acc_090628.sos,26,1,0,0,1,1,9
2state3ap1acc_parity_10232944731772932901.sos,2state3ap1acc_parity_05367188447567325776.sos,126,1,0,0,1,1,298
3state1ap0acc_029185.sos,3state1ap0acc_024673.sos,28,1,0,0,1,1,11
2state3ap1acc_parity_02567138164982922670.sos,1state3ap1acc_15427.sos,62,1,0,0,1,1,71
3state1ap0acc_025169.sos,3state1ap0acc_007212.sos,419,1,0,0,1,1,4763
3state1ap0acc_027153.sos,3state1ap0acc_025091.sos,14,1,0,0,1,1,2
3state1ap0acc_029965.sos,3state1ap0acc_090312.sos,68,1,0,0,1,1,66
3state1ap0acc_005780.sos,3state1ap0acc_073994.sos,36,1,0,0,1,1,13
3state1ap0acc_024769.sos,3state1ap0acc_079444.sos,55,1,1,0,1,1,43
3state1ap0acc_015365.sos,3state1ap0acc_024722.sos,96,1,0,0,1,1,167
3state1ap0acc_006456.sos,3state1ap1acc_parity_00537939912.sos,96,1,0,0,1,1,125
3state1ap1acc_20552143008.sos,2state1ap2acc_parity_0025166421.sos,24,1,0,0,1,1,6
3state1ap1acc_01284765696.sos,2state1ap0acc_026.sos,10,1,0,0,1,1,1
3state1ap0acc_006280.sos,3state1ap0acc_025297.sos,59,1,1,0,1,1,43
3state1ap0acc_091668.sos,3state1ap0acc_090720.sos,146,1,0,0,1,1,397
3state1ap0acc_073993.sos,3state1ap0acc_080036.sos,24,1,0,0,1,1,4
3state1ap0acc_087196.sos,3state1ap0acc_012680.sos,110,1,0,0,1,1,214
3state1ap0acc_025229.sos,3state1ap0acc_092234.sos,24,1,0,0,1,1,3
3state1ap0acc_025834.sos,3state1ap0acc_013581.sos,87,1,0,0,1,1,102
3state1ap0acc_024692.sos,2state1ap2acc_parity_1079880192.sos,172,1,0,0,1,1,520
2state1ap2acc_parity_2292326218.sos,3state1ap0acc_096265.sos,25,1,1,0,1,1,6
3state1ap0acc_015364.sos,3state1ap1acc_04529581125.sos,44,1,0,0,1,1,29
3state1ap0acc_069800.sos,3state1ap0acc_090848.sos,66,1,0,0,1,1,53
3state1ap1acc_parity_19866330129.sos,3state1ap0acc_024682.sos,34,1,0,0,1,1,10
3state1ap1acc_parity_02551254100.sos,3state1ap0acc_028772.sos,110,1,0,0,1,1,190
3state1ap0acc_079880.sos,3state1ap0acc_024722.sos,34,1,0,0,1,1,14
3state1ap0acc_024865.sos,3state1ap0acc_012648.sos,61,1,0,0,1,1,53
3state1ap0acc_004792.sos,3state1ap0acc_078356.sos,85,1,0,0,1,1,127
3state1ap1acc_parity_19866330129.sos,3state1ap2acc_parity_0060745595278284511253.sos,80,1,0,0,1,1,81
3state1ap0acc_078357.sos,3state1ap0acc_024773.sos,28,1,0,0,1,1,7
2state1ap2acc_parity_0002867712.sos,2state1ap2acc_parity_0344556040.sos,39,1,0,0,1,1,12
3state1ap1acc_parity_52747897074.sos,2state1ap2acc_parity_1089178116.sos,36,1,0,0,1,1,14
3state1ap0acc_078921.sos,2state1ap1acc_01681.sos,44,1,0,0,1,1,20
3state1ap0acc_005788.sos,2state1ap2acc_parity_1145130400.sos,106,1,0,0,1,1,246
3state1ap0acc_090468.sos,3state1ap1acc_parity_23539146765.sos,72,1,0,0,1,1,88
3state1ap0acc_021930.sos,3state1ap0acc_074344.sos,100,1,0,0,1,1,146
3state1ap0acc_113284.sos,2state1ap0acc_022.sos,25,1,0,0,1,1,4
3state1ap0acc_024808.sos,3state1ap0acc_071702.sos,187,1,0,0,1,1,938
3state1ap0acc_029964.sos,3state1ap0acc_005129.sos,53,1,0,1,1,1,37
1state3ap1acc_15810.sos,1state3ap1acc_06566.sos,6,1,0,0,1,1,1
3state1ap1acc_parity_19331645958.sos,3state1ap0acc_074380.sos,50,1,0,0,1,1,25
3state1ap0acc_079400.sos,3state1ap0acc_029990.sos,96,1,0,0,1,1,146
3state1ap1acc_00067379882.sos,3state1ap0acc_075782.sos,90,1,0,0,1,1,116
3state1ap0acc_006185.sos,3state1ap0acc_075918.sos,95,1,0,0,1,1,164
3state1ap0acc_004230.sos,3state1ap0acc_025708.sos,31,1,0,0,1,1,8
3state1ap0acc_090848.sos,3state1ap0acc_004776.sos,111,1,0,0,1,1,204
3state1ap1acc_07986021488.sos,3state1ap0acc_021108.sos,117,1,0,0,1,1,211
3state1ap0acc_075332.sos,3state1ap0acc_025109.sos,106,1,0,0,1,1,240
3state1ap0acc_075908.sos,3state1ap0acc_027184.sos,221,1,0,0,1,1,956
2state2ap2acc_parity_15000387690674922722.sos,2state2ap2acc_parity_00114824350043093764.sos,35,1,0,0,1,1,18
2state1ap2acc_parity_0088367886.sos,2state1ap2acc_parity_1083056266.sos,42,1,0,0,1,1,20
3state1ap0acc_071752.sos,3state1ap1acc_21895069968.sos,70,1,0,0,1,1,54
2state1ap2acc_parity_1418363013.sos,3state1ap0acc_028998.sos,17,1,0,0,1,1,3
3state1ap0acc_024705.sos,3state1ap0acc_079908.sos,23,1,1,0,1,1,5
1state3ap1acc_06024.sos,2state3ap1acc_parity_01441688038900536962.sos,78,1,0,0,1,1,98
1state3ap1acc_01888.sos,2state3ap1acc_parity_18414104442924029373.sos,7,1,1,0,1,1,1
3state1ap1acc_05426999573.sos,3state1ap0acc_025893.sos,97,1,0,0,1,1,148
2state1ap0acc_086.sos,3state1ap0acc_080526.sos,32,1,0,0,1,1,7
3state1ap1acc_44363437384.sos,3state1ap1acc_17767184896.sos,18,1,0,0,1,1,3
2state1ap1acc_49414.sos,3state1ap0acc_029732.sos,99,1,0,0,1,1,183
3state1ap0acc_007198.sos,3state1ap0acc_080964.sos,133,1,0,0,1,1,361
3state1ap0acc_005284.sos,3state1ap0acc_027184.sos,317,1,0,0,1,1,3085
3state1ap0acc_006292.sos,3state1ap0acc_077900.sos,40,1,0,0,1,1,17
3state1ap0acc_024674.sos,2state1ap2acc_parity_1079880192.sos,29,1,0,0,1,1,7
3state1ap0acc_005860.sos,3state1ap0acc_004504.sos,115,1,0,0,1,1,188
3state1ap0acc_030213.sos,3state1ap0acc_073836.sos,194,1,0,0,1,1,770
3state1ap0acc_029316.sos,3state1ap0acc_113284.sos,19,1,1,0,1,1,3
2state2ap2acc_parity_01280044516422210070.sos,2state2ap2acc_parity_16334277046595201300.sos,57,1,0,0,1,1,70
3state1ap0acc_006440.sos,3state1ap0acc_025712.sos,222,1,0,0,1,1,1062
3state1ap0acc_006200.sos,3state1ap0acc_026128.sos,49,1,0,0,1,1,36
3state1ap0acc_026653.sos,3state1ap0acc_015364.sos,82,1,0,0,1,1,109
3state1ap0acc_005644.sos,3state1ap0acc_012744.sos,37,1,0,0,1,1,16
3state1ap0acc_079878.sos,3state1ap1acc_17217970752.sos,106,1,0,0,1,1,191
3state1ap0acc_029336.sos,2state1ap2acc_parity_1089178116.sos,87,1,0,0,1,1,112
3state1ap0acc_026772.sos,3state1ap0acc_012550.sos,35,1,0,0,1,1,12
2state3ap1acc_parity_13047055394325473761.sos,1state3ap1acc_00964.sos,29,1,0,0,1,1,12
3state1ap0acc_007562.sos,3state1ap0acc_072334.sos,54,1,0,0,1,1,29
3state2ap2acc_parity_00476656477170063066913526343199120139459754.sos,2state2ap2acc_parity_11209796727779668548.sos,95,1,0,1,1,1,145
2state1ap2acc_parity_0285476138.sos,3state1ap1acc_18268719651.sos,15,1,0,0,1,1,2
3state1ap0acc_076425.sos,3state1ap0acc_006148.sos,58,1,0,0,1,1,42
2state1ap2acc_parity_0022079492.sos,3state1ap0acc_073992.sos,29,1,0,0,1,1,9
2state3ap1acc_parity_14479126070534325544.sos,1state3ap1acc_00296.sos,17,1,0,0,1,1,3
3state1ap0acc_075940.sos,2state1ap2acc_parity_0145166592.sos,75,1,0,0,1,1,95
3state1ap0acc_030292.sos,3state1ap0acc_004614.sos,48,1,0,0,1,1,33
2state2ap2acc_parity_10397971435950270719.sos,2state2ap2acc_parity_16781646786751205954.sos,46,1,0,0,1,1,33
2state1ap0acc_025.sos,3state1ap0acc_090444.sos,21,1,0,0,1,1,4
3state1ap0acc_106566.sos,3state1ap0acc_007320.sos,52,1,0,0,1,1,42
2state1ap2acc_parity_0018098464.sos,3state1ap0acc_079896.sos,79,1,0,0,1,1,97
3state1ap0acc_006440.sos,3state1ap0acc_075860.sos,72,1,0,0,1,1,79
3state1ap0acc_006284.sos,3state1ap0acc_070300.sos,90,1,0,0,1,1,136
2state2ap2acc_parity_14150628479935840387.sos,1state2ap2acc_01680.sos,22,1,0,0,1,1,5
3state1ap0acc_012582.sos,3state1ap0acc_013358.sos,64,1,0,0,1,1,48
2state1ap2acc_parity_0138479656.sos,3state1ap0acc_005769.sos,38,1,0,0,1,1,17
3state1ap0acc_075880.sos,3state1ap0acc_031010.sos,154,1,0,0,1,1,541
3state1ap0acc_013358.sos,2state1ap2acc_parity_0008445188.sos,97,1,0,0,1,1,144
3state1ap0acc_078548.sos,2state1ap2acc_parity_0082224640.sos,33,1,0,0,1,1,10
3state1ap0acc_007693.sos,3state1ap0acc_005700.sos,54,1,0,1,1,1,51
3state1ap0acc_029253.sos,2state1ap1acc_17538.sos,37,1,0,0,1,1,15
2state1ap1acc_04646.sos,2state1ap2acc_parity_0008557064.sos,24,1,0,1,1,1,8
3state1ap1acc_44331016324.sos,3state1ap0acc_021930.sos,28,1,0,0,1,1,6
3state1ap1acc_54870413440.sos,3state1ap0acc_078468.sos,26,1,0,0,1,1,6
2state1ap2acc_parity_0041950982.sos,3state1ap0acc_075844.sos,41,1,0,0,1,1,21
3state1ap0acc_006406.sos,2state1ap0acc_082.sos,32,1,0,0,1,1,11
2state2ap2acc_parity_10956058418304074776.sos,2state2ap2acc_parity_00070780542479492635.sos,67,1,0,0,1,1,62
3state1ap1acc_43021293649.sos,3state1ap0acc_092234.sos,30,1,0,0,1,1,3
3state1ap0acc_070798.sos,3state1ap1acc_45103587365.sos,92,1,0,0,1,1,135
3state1ap0acc_024649.sos,2state1ap2acc_parity_0025879815.sos,25,1,0,0,1,1,6
2state3ap1acc_parity_01025368283492682149.sos,2state3ap1acc_parity_05090827433075437251.sos,46,1,0,0,1,1,18
3state1ap0acc_029352.sos,3state1ap1acc_54870413440.sos,19,1,0,0,1,1,3
3state1ap0acc_007206.sos,3state1ap1acc_20401758904.sos,233,1,0,0,1,1,1474
3state1ap0acc_073869.sos,3state1ap0acc_007214.sos,52,1,0,0,1,1,23
2state1ap1acc_18816.sos,3state1ap0acc_070284.sos,34,1,0,0,1,1,10
2state2ap2acc_parity_00060483633794257729.sos,2state2ap2acc_parity_02613231945794024176.sos,115,1,0,0,1,1,246
3state1ap0acc_004788.sos,3state1ap1acc_19879280012.sos,26,1,0,0,1,1,6
3state1ap0acc_006409.sos,3state1ap0acc_029800.sos,62,1,0,0,1,1,42
3state1ap1acc_parity_10805384360.sos,3state1ap0acc_029264.sos,160,1,0,0,1,1,564
3state1ap0acc_025649.sos,2state1ap2acc_parity_0277848579.sos,25,1,0,0,1,1,6
3state1ap0acc_077988.sos,2state1ap2acc_parity_0085983912.sos,55,1,0,0,1,1,34
2state1ap2acc_parity_0004822272.sos,3state1ap0acc_074408.sos,106,1,0,0,1,1,218
1state3ap1acc_07008.sos,2state3ap1acc_parity_03650853673930076033.sos,73,1,0,0,1,1,90
1state2ap2acc_24960.sos,2state2ap2acc_parity_10397971435950270719.sos,22,1,0,0,1,1,6
3state1ap0acc_075910.sos,2state1ap2acc_parity_0357582722.sos,55,1,0,0,1,1,43
2state1ap2acc_parity_0005984512.sos,3state1ap1acc_25502699548.sos,45,1,0,0,1,1,14
3state1ap0acc_075801.sos,3state1ap1acc_12164072120.sos,59,1,0,0,1,1,60
3state1ap0acc_025880.sos,3state1ap1acc_00491390405.sos,49,1,1,0,1,1,28
3state1ap0acc_013908.sos,3state1ap1acc_18420848649.sos,71,1,0,0,1,1,72
2state1ap2acc_parity_1296386980.sos,2state1ap2acc_parity_1145130400.sos,15,1,0,1,1,1,2
3state1ap0acc_113156.sos,3state1ap0acc_024936.sos,65,1,0,0,1,1,50
2state1ap2acc_parity_0156533284.sos,3state1ap2acc_parity_0226603284168771633733.sos,49,1,0,0,1,1,29
3state1ap0acc_006286.sos,3state1ap0acc_007176.sos,57,1,0,0,1,1,39
3state1ap0acc_029416.sos,3state1ap1acc_parity_23539146765.sos,48,1,0,0,1,1,27
3state1ap1acc_35769115713.sos,3state1ap0acc_096270.sos,92,1,0,0,1,1,114
3state1ap0acc_020888.sos,3state1ap0acc_080008.sos,144,1,0,0,1,1,471
3state1ap0acc_025249.sos,2state1ap1acc_04644.sos,105,1,0,0,1,1,252
3state1ap0acc_070248.sos,3state1ap0acc_075844.sos,125,1,0,0,1,1,298
3state1ap0acc_006413.sos,3state1ap1acc_52892438391.sos,60,1,0,0,1,1,63
3state1ap0acc_024660.sos,3state1ap0acc_024652.sos,50,1,0,0,1,1,26
2state1ap1acc_18752.sos,2state1ap2acc_parity_0069045002.sos,20,1,0,0,1,1,4
3state1ap0acc_090690.sos,2state1ap1acc_06344.sos,19,1,0,0,1,1,3
3state1ap0acc_093194.sos,2state1ap1acc_07304.sos,53,1,0,0,1,1,33
3state1ap0acc_069764.sos,2state1ap2acc_parity_0572212224.sos,26,1,0,0,1,1,6
2state3ap1acc_parity_02094854612666782363.sos,1state3ap1acc_06948.sos,44,1,0,0,1,1,31
3state1ap0acc_090730.sos,3state1ap2acc_parity_1310551305816495741957.sos,118,1,0,0,1,1,192
3state1ap0acc_092174.sos,3state1ap0acc_025650.sos,188,1,0,0,1,1,1049
3state1ap1acc_45349179777.sos,3state1ap0acc_092678.sos,19,1,0,0,1,1,3
2state1ap2acc_parity_0088367886.sos,3state1ap0acc_030240.sos,34,1,0,0,1,1,10
3state1ap1acc_09504426728.sos,2state1ap2acc_parity_1164845312.sos,47,1,0,0,1,1,25
3state1ap0acc_090628.sos,2state1ap1acc_06592.sos,20,1,0,0,1,1,4
3state1ap0acc_024738.sos,3state1ap1acc_12566156481.sos,23,1,1,0,1,1,4
3state1ap0acc_005796.sos,3state1ap0acc_074760.sos,63,1,0,0,1,1,56
3state1ap0acc_071880.sos,3state1ap0acc_024906.sos,33,1,0,0,1,1,9
3state1ap0acc_020644.sos,3state1ap0acc_013641.sos,79,1,0,0,1,1,86
3state1ap0acc_080396.sos,3state1ap0acc_096328.sos,95,1,0,0,1,1,89
3state1ap0acc_024946.sos,3state1ap0acc_091808.sos,144,1,0,0,1,1,451
3state1ap0acc_073990.sos,3state1ap0acc_071182.sos,37,1,0,0,1,1,19
2state2ap2acc_parity_01232271390509535357.sos,2state2ap1acc_parity_0041671860.sos,18,1,1,0,1,1,4
3state1ap0acc_075786.sos,2state1ap2acc_parity_0138479656.sos,28,1,0,0,1,1,7
2state2ap2acc_parity_02483199951452610704.sos,3state2ap2acc_parity_01407818782812616486848251275154798554567094.sos,44,1,0,0,1,1,22
3state1ap0acc_080526.sos,3state1ap0acc_078088.sos,21,1,0,0,1,1,3
3state1ap2acc_parity_0202938255164409266256.sos,3state1ap0acc_061512.sos,18,1,0,1,1,1,4
3state1ap0acc_025712.sos,3state1ap1acc_19879280012.sos,103,1,0,0,1,1,194
3state1ap0acc_020920.sos,3state1ap0acc_073865.sos,94,1,0,0,1,1,132
3state1ap0acc_021914.sos,3state1ap0acc_078372.sos,78,1,0,0,1,1,94
2state1ap2acc_parity_0069904465.sos,3state1ap0acc_005692.sos,134,1,0,0,1,1,428
3state1ap2acc_parity_0171234438415938685971.sos,3state1ap2acc_parity_0004648567076615620494.sos,76,1,0,0,1,1,81
3state1ap0acc_074472.sos,3state1ap0acc_005673.sos,158,1,0,0,1,1,496
3state1ap0acc_026132.sos,3state1ap0acc_074380.sos,85,1,0,0,1,1,126
3state1ap0acc_024856.sos,3state1ap0acc_024944.sos,121,1,0,0,1,1,286
3state1ap0acc_029740.sos,2state1ap2acc_parity_0176351244.sos,105,1,0,0,1,1,129
3state1ap1acc_45103587365.sos,3state1ap0acc_006198.sos,69,1,0,0,1,1,51
2state1ap2acc_parity_1089178116.sos,2state1ap0acc_122.sos,23,1,0,0,1,1,4
3state1ap0acc_024690.sos,2state1ap2acc_parity_0092868865.sos,133,1,0,0,1,1,391
3state1ap0acc_074388.sos,2state1ap2acc_parity_0005984512.sos,38,1,0,1,1,1,17
3state1ap0acc_025244.sos,3state1ap0acc_086424.sos,210,1,0,0,1,1,984
3state1ap0acc_075269.sos,3state1ap0acc_026705.sos,297,1,0,0,1,1,2587
3state1ap1acc_34601746562.sos,2state1ap2acc_parity_1145130400.sos,30,1,0,0,1,1,10
3state1ap2acc_parity_0073790947370302587142.sos,3state1ap0acc_029088.sos,22,1,0,0,1,1,6
3state1ap1acc_parity_19394595852.sos,3state1ap0acc_005812.sos,55,1,0,0,1,1,36
3state1ap0acc_025297.sos,3state1ap0acc_021778.sos,82,1,0,0,1,1,87
3state1ap0acc_029700.sos,3state1ap0acc_076326.sos,84,1,0,0,1,1,99
3state1ap2acc_parity_2601875381363661972226.sos,2state1ap0acc_028.sos,50,1,0,0,1,1,35
1state3ap1acc_03952.sos,1state3ap1acc_15810.sos,7,1,0,0,1,1,1
3state1ap0acc_074829.sos,3state1ap0acc_004230.sos,36,1,0,1,1,1,13
3state1ap0acc_074829.sos,3state1ap0acc_005528.sos,214,1,0,0,1,1,1032
3state1ap0acc_090470.sos,3state1ap0acc_029356.sos,171,1,0,0,1,1,646
2state1ap2acc_parity_2727298372.sos,3state1ap0acc_020636.sos,61,1,0,0,1,1,46
3state1ap0acc_028750.sos,3state1ap0acc_004836.sos,30,1,0,0,1,1,6
3state1ap0acc_005404.sos,3state1ap0acc_091649.sos,35,1,1,0,1,1,13
3state1ap1acc_parity_00487332352.sos,3state1ap0acc_028813.sos,12,1,0,0,1,1,1
3state1ap0acc_076805.sos,3state1ap0acc_026772.sos,175,1,0,0,1,1,767
1state3ap1acc_00394.sos,1state3ap1acc_03936.sos,8,1,0,0,1,1,1
3state1ap0acc_090692.sos,3state1ap0acc_025312.sos,131,1,0,0,1,1,372
3state1ap0acc_030733.sos,3state1ap0acc_074246.sos,17,1,0,0,1,1,2
3state1ap0acc_021089.sos,2state1ap2acc_parity_0023610368.sos,108,1,0,0,1,1,214
3state1ap0acc_074086.sos,3state1ap0acc_096270.sos,86,1,0,0,1,1,102
2state1ap1acc_16912.sos,3state1ap2acc_parity_0268198834134676538498.sos,153,1,0,0,1,1,529
2state2ap2acc_parity_06233566911392810725.sos,1state2ap2acc_00288.sos,5,1,0,0,1,1,1
3state1ap1acc_parity_25042096476.sos,3state1ap1acc_05010262532.sos,35,1,0,0,1,1,13
3state1ap0acc_025322.sos,3state1ap0acc_006426.sos,67,1,0,0,1,1,56
2state1ap2acc_parity_1414367887.sos,3state1ap0acc_070056.sos,19,1,0,0,1,1,3
3state1ap2acc_parity_1730104813266762304422.sos,3state1ap0acc_030228.sos,213,1,0,0,1,1,1136
3state1ap0acc_090190.sos,3state1ap0acc_029336.sos,61,1,0,0,1,1,42
3state1ap2acc_parity_2628805739429258462492.sos,3state1ap0acc_026684.sos,62,1,0,0,1,1,55
3state1ap0acc_029994.sos,2state1ap2acc_parity_1418691086.sos,27,1,0,0,1,1,6
3state1ap0acc_076425.sos,3state1ap0acc_021104.sos,331,1,0,0,1,1,2946
3state1ap0acc_026641.sos,3state1ap0acc_096393.sos,82,1,0,0,1,1,72
3state1ap0acc_013668.sos,3state1ap1acc_45500682644.sos,85,1,0,0,1,1,104
3state1ap0acc_006156.sos,3state1ap0acc_030732.sos,83,1,0,0,1,1,125
3state1ap1acc_01112278057.sos,2state1ap2acc_parity_2726576129.sos,24,1,0,0,1,1,4
3state1ap0acc_078925.sos,3state1ap0acc_013676.sos,45,1,0,0,1,1,18
3state1ap1acc_45745376256.sos,2state1ap2acc_parity_0707694609.sos,13,1,1,0,1,1,2
3state1ap0acc_005816.sos,3state1ap0acc_005774.sos,51,1,0,0,1,1,34
3state1ap0acc_021025.sos,3state1ap0acc_006430.sos,65,1,0,0,1,1,54
2state1ap1acc_00280.sos,2state1ap2acc_parity_1083056266.sos,33,1,0,0,1,1,12
3state1ap1acc_parity_34966176896.sos,3state1ap0acc_005780.sos,77,1,0,0,1,1,102
3state1ap0acc_004522.sos,2state1ap2acc_parity_0005103746.sos,78,1,0,0,1,1,82
2state3ap1acc_parity_08649156823177511470.sos,1state3ap1acc_01785.sos,26,1,0,0,1,1,8
1state3ap1acc_26886.sos,2state3ap1acc_parity_15749276577660507355.sos,24,1,1,0,1,1,6
3state1ap0acc_031248.sos,2state1ap2acc_parity_0572212224.sos,48,1,0,0,1,1,27
3state1ap0acc_021208.sos,3state1ap0acc_078118.sos,84,1,0,0,1,1,111
2state1ap2acc_parity_0015632386.sos,3state1ap0acc_073800.sos,38,1,0,0,1,1,16
2state1ap2acc_parity_1100711304.sos,3state1ap0acc_090848.sos,35,1,0,0,1,1,13
2state1ap1acc_04614.sos,3state1ap0acc_080006.sos,28,1,0,0,1,1,8
3state1ap0acc_020914.sos,3state1ap0acc_024707.sos,27,1,0,0,1,1,6
3state1ap0acc_069828.sos,3state1ap0acc_070212.sos,29,1,0,0,1,1,8
3state1ap0acc_075785.sos,3state1ap0acc_029704.sos,116,1,0,0,1,1,237
3state1ap1acc_45349179777.sos,3state1ap0acc_005644.sos,45,1,0,1,1,1,26
2state1ap2acc_parity_0572212224.sos,3state1ap0acc_006570.sos,80,1,0,0,1,1,89
3state1ap0acc_074828.sos,3state1ap0acc_078421.sos,161,1,0,0,1,1,570
3state1ap0acc_013606.sos,3state1ap0acc_080036.sos,93,1,0,0,1,1,121
3state1ap0acc_005256.sos,3state1ap0acc_007182.sos,51,1,1,0,1,1,34
3state1ap0acc_013384.sos,3state1ap0acc_026129.sos,130,1,0,0,1,1,318
1state3ap1acc_06120.sos,1state3ap1acc_00424.sos,6,1,0,0,1,1,1
2state2ap2acc_parity_09946042307321172270.sos,2state2ap2acc_parity_04906201296742293504.sos,337,1,0,0,1,1,3298
2state1ap1acc_01600.sos,3state1ap0acc_006692.sos,42,1,0,0,1,1,25
3state1ap0acc_071768.sos,3state1ap0acc_020552.sos,37,1,0,1,1,1,15
3state1ap0acc_005816.sos,3state1ap0acc_071946.sos,76,1,0,0,1,1,82
2state1ap1acc_18561.sos,3state1ap0acc_107104.sos,135,1,0,0,1,1,512
2state1ap2acc_parity_1296386980.sos,3state1ap0acc_093194.sos,66,1,0,0,1,1,65
3state1ap1acc_parity_34454268760.sos,3state1ap1acc_43021293649.sos,25,1,0,0,1,1,5
2state1ap2acc_parity_0130047747.sos,3state1ap1acc_03306231048.sos,70,1,0,0,1,1,69
3state1ap0acc_073892.sos,3state1ap0acc_069706.sos,35,1,0,1,1,1,14
3state1ap0acc_079944.sos,3state1ap0acc_004696.sos,298,1,0,0,1,1,2878
3state2ap2acc_parity_03157052310097838945731323106838689975135344.sos,2state2ap2acc_parity_15112533145142729943.sos,155,1,0,0,1,1,558
3state1ap1acc_25170543041.sos,3state1ap1acc_21902725346.sos,21,1,1,0,1,1,5
3state1ap0acc_096456.sos,3state1ap1acc_parity_19394595852.sos,33,1,0,1,1,1,9
3state1ap0acc_074824.sos,3state1ap1acc_43021293649.sos,31,1,1,0,1,1,9
2state2ap2acc_parity_00660078807834349713.sos,2state2ap2acc_parity_07101546094191867080.sos,109,1,0,0,1,1,297
3state1ap0acc_078404.sos,2state1ap2acc_parity_0176724042.sos,26,1,0,0,1,1,8
3state1ap2acc_parity_1730104813266762304422.sos,3state1ap0acc_086153.sos,108,1,0,1,1,1,220
3state1ap0acc_074830.sos,3state1ap0acc_025720.sos,126,1,0,0,1,1,189
2state3ap1acc_parity_08050947010906979448.sos,1state3ap1acc_01960.sos,9,1,0,0,1,1,1
2state1ap1acc_06496.sos,3state1ap0acc_074022.sos,53,1,0,1,1,1,35
3state1ap0acc_075782.sos,3state1ap0acc_075780.sos,46,1,0,1,1,1,27
2state2ap2acc_parity_05983266170514214042.sos,2state2ap2acc_parity_16186325768790242365.sos,58,1,0,0,1,1,52
3state1ap0acc_087196.sos,3state1ap0acc_074828.sos,237,1,0,0,1,1,1664
3state1ap0acc_021928.sos,3state1ap0acc_006310.sos,31,1,0,0,1,1,8
2state2ap1acc_parity_3430179795.sos,2state2ap2acc_parity_00484636427467843727.sos,19,1,0,0,1,1,4
3state1ap0acc_030112.sos,2state1ap1acc_00312.sos,43,1,0,0,1,1,24
3state1ap0acc_080393.sos,2state1ap1acc_16905.sos,39,1,0,0,1,1,16
3state1ap0acc_004776.sos,3state1ap0acc_021668.sos,96,1,0,0,1,1,173
1state3ap1acc_06530.sos,1state3ap1acc_02040.sos,6,1,0,0,1,1,1
2state1ap2acc_parity_0007950596.sos,3state1ap0acc_075812.sos,98,1,0,0,1,1,173
3state1ap1acc_01284765696.sos,3state1ap0acc_024738.sos,18,1,0,0,1,1,3
3state1ap0acc_004388.sos,3state1ap1acc_parity_34454268760.sos,23,1,1,0,1,1,5
3state1ap0acc_070072.sos,3state1ap0acc_026705.sos,145,1,0,0,1,1,305
3state1ap1acc_01343514762.sos,3state1ap0acc_027192.sos,53,1,0,0,1,1,35
3state1ap0acc_029004.sos,3state1ap0acc_013676.sos,34,1,0,0,1,1,11
3state1ap0acc_005384.sos,3state1ap0acc_013645.sos,45,1,0,0,1,1,29
3state1ap0acc_013321.sos,3state1ap1acc_21902725346.sos,39,1,1,0,1,1,18
3state1ap0acc_025240.sos,2state1ap1acc_16899.sos,33,1,1,0,1,1,11
3state1ap1acc_18967311018.sos,2state1ap2acc_parity_1079766528.sos,28,1,0,0,1,1,6
3state1ap0acc_025625.sos,2state1ap1acc_16897.sos,23,1,0,0,1,1,6
2state2ap1acc_parity_0293990436.sos,2state2ap2acc_parity_15035276434837441332.sos,60,1,0,0,1,1,42
3state1ap2acc_parity_3145393506624289147654.sos,3state1ap0acc_021938.sos,162,1,0,0,1,1,465
2state2ap2acc_parity_10133259366182896005.sos,2state2ap2acc_parity_15006719037511641887.sos,80,1,0,0,1,1,112
3state1ap1acc_21895069968.sos,3state1ap0acc_013448.sos,78,1,0,0,1,1,71
3state1ap1acc_parity_35704149516.sos,3state1ap1acc_parity_00201392184.sos,19,1,0,1,1,1,3
3state1ap0acc_029986.sos,3state1ap1acc_parity_19394793126.sos,35,1,0,0,1,1,13
2state1ap1acc_01122.sos,3state1ap0acc_024802.sos,24,1,0,0,1,1,5
3state1ap0acc_069784.sos,3state1ap0acc_080024.sos,120,1,1,0,1,1,234
3state1ap0acc_091652.sos,2state1ap2acc_parity_1083056266.sos,117,1,0,0,1,1,227
2state1ap2acc_parity_0004215432.sos,3state1ap1acc_06712019249.sos,47,1,0,0,1,1,35
3state1ap0acc_024692.sos,3state1ap0acc_021145.sos,278,1,0,0,1,1,2453
1state2ap2acc_04672.sos,2state2ap2acc_parity_00111729103757431907.sos,25,1,1,0,1,1,8
3state1ap0acc_031010.sos,3state1ap0acc_029253.sos,83,1,0,0,1,1,103
2state1ap2acc_parity_0072712844.sos,3state1ap1acc_21408257092.sos,36,1,0,0,1,1,13
3state1ap0acc_012680.sos,3state1ap1acc_51627529236.sos,27,1,0,0,1,1,7
3state1ap0acc_080068.sos,3state1ap0acc_029976.sos,154,1,0,0,1,1,447
3state1ap0acc_074008.sos,3state1ap0acc_015624.sos,61,1,0,0,1,1,57
3state1ap0acc_025889.sos,3state1ap1acc_19864508584.sos,61,1,0,0,1,1,49
3state1ap1acc_01342557538.sos,3state1ap0acc_029709.sos,57,1,0,0,1,1,51
3state1ap0acc_012636.sos,3state1ap0acc_026676.sos,100,1,0,0,1,1,183
1state3ap0acc_006.sos,1state3ap1acc_01584.sos,4,1,0,0,1,1,1
3state1ap0acc_013704.sos,3state1ap0acc_004776.sos,77,1,0,0,1,1,92
3state1ap1acc_19864508584.sos,3state1ap0acc_031752.sos,48,1,0,0,1,1,24
3state1ap0acc_069800.sos,2state1ap2acc_parity_0089473569.sos,29,1,0,0,1,1,8
3state1ap0acc_007693.sos,3state1ap1acc_08072646820.sos,62,1,0,0,1,1,51
2state2ap2acc_parity_16767473899853687770.sos,2state2ap2acc_parity_12728864607586338936.sos,28,1,0,0,1,1,8
3state1ap1acc_02424312715.sos,3state1ap0acc_006157.sos,34,1,0,1,1,1,13
2state1ap1acc_06496.sos,3state1ap0acc_078116.sos,21,1,0,1,1,1,4
3state1ap0acc_086640.sos,3state1ap0acc_073860.sos,53,1,0,0,1,1,29
3state1ap0acc_096522.sos,3state1ap0acc_091236.sos,125,1,0,0,1,1,259
3state1ap0acc_080398.sos,3state1ap2acc_parity_0001875479050666053122.sos,46,1,0,0,1,1,18
3state1ap0acc_029966.sos,3state1ap0acc_006488.sos,132,1,0,0,1,1,367
2state1ap2acc_parity_0006266880.sos,3state1ap0acc_077988.sos,22,1,1,0,1,1,5
3state1ap1acc_21883242760.sos,3state1ap1acc_parity_00537939912.sos,35,1,0,1,1,1,14
3state1ap0acc_024688.sos,2state1ap2acc_parity_0015679492.sos,321,1,0,0,1,1,3330
3state1ap0acc_006472.sos,3state1ap0acc_029976.sos,128,1,0,0,1,1,296
3state1ap0acc_005400.sos,3state1ap0acc_004748.sos,34,1,0,0,1,1,13
3state1ap0acc_006422.sos,3state1ap0acc_078484.sos,265,1,0,0,1,1,2811
2state1ap1acc_16930.sos,3state1ap0acc_079528.sos,35,1,1,0,1,1,14
2state2ap2acc_parity_10133259366182896005.sos,2state2ap2acc_parity_04664920041402144166.sos,44,1,0,0,1,1,26
1state3ap1acc_00392.sos,2state3ap1acc_parity_04421191306838898176.sos,22,1,1,0,1,1,6
3state1ap0acc_013317.sos,3state1ap1acc_44363437384.sos,29,1,1,0,1,1,7
3state1ap1acc_05194670158.sos,3state1ap0acc_028824.sos,66,1,0,0,1,1,74
2state1ap1acc_06272.sos,3state1ap0acc_024952.sos,99,1,0,0,1,1,125
3state1ap0acc_092164.sos,3state1ap0acc_080009.sos,151,1,0,0,1,1,384
2state1ap1acc_03170.sos,3state1ap2acc_parity_2509786589937695033090.sos,48,1,0,1,1,1,32
3state1ap0acc_024708.sos,3state1ap0acc_080038.sos,12,1,1,0,1,1,1
3state1ap1acc_18257616771.sos,3state1ap0acc_030029.sos,25,1,0,0,1,1,6
3state1ap0acc_077924.sos,3state1ap0acc_069780.sos,54,1,0,1,1,1,30
2state2ap2acc_parity_17362277832879126548.sos,2state2ap2acc_parity_03377207403598746866.sos,51,1,0,0,1,1,36
3state1ap0acc_005384.sos,2state1ap2acc_parity_0140935178.sos,51,1,0,0,1,1,36
3state1ap2acc_parity_0157525302772576158087.sos,3state1ap0acc_069706.sos,185,1,0,0,1,1,717
2state2ap2acc_parity_00300816315923964079.sos,2state2ap2acc_parity_08097378024127669867.sos,109,1,0,0,1,1,247
3state1ap0acc_004522.sos,3state1ap0acc_090720.sos,71,1,0,0,1,1,63
3state1ap0acc_013704.sos,3state1ap1acc_parity_36910530772.sos,40,1,0,0,1,1,18
3state1ap0acc_012636.sos,3state1ap1acc_45103587365.sos,107,1,0,0,1,1,186
3state1ap0acc_005134.sos,3state1ap1acc_44331016324.sos,45,1,0,0,1,1,28
2state1ap1acc_00284.sos,3state1ap2acc_parity_1249788731905911826437.sos,19,1,0,0,1,1,3
2state1ap1acc_05192.sos,2state1ap2acc_parity_1409747520.sos,41,1,0,0,1,1,20
3state1ap1acc_20552143008.sos,3state1ap0acc_029986.sos,59,1,0,0,1,1,44
2state1ap0acc_097.sos,3state1ap0acc_005292.sos,34,1,0,0,1,1,14
3state1ap0acc_029066.sos,3state1ap0acc_096393.sos,101,1,0,0,1,1,124
2state1ap1acc_06208.sos,3state1ap1acc_parity_19331645958.sos,35,1,1,0,1,1,13
1state3ap1acc_01800.sos,1state3ap1acc_01840.sos,8,1,0,0,1,1,1
3state1ap0acc_006670.sos,3state1ap0acc_005654.sos,201,1,0,0,1,1,808
3state1ap0acc_027153.sos,3state1ap0acc_015688.sos,37,1,0,0,1,1,9
3state1ap0acc_021224.sos,3state1ap1acc_parity_09932264476.sos,64,1,1,0,1,1,51
3state1ap0acc_004504.sos,3state1ap0acc_070042.sos,193,1,0,0,1,1,996
3state1ap0acc_004364.sos,3state1ap0acc_075918.sos,50,1,1,0,1,1,33
3state1ap1acc_parity_25042096476.sos,3state1ap1acc_51627529236.sos,16,1,0,0,1,1,2
3state1ap0acc_071752.sos,3state1ap0acc_025650.sos,86,1,0,0,1,1,109
2state1ap1acc_01664.sos,3state1ap0acc_025908.sos,42,1,0,0,1,1,29
3state1ap1acc_46306722133.sos,2state1ap2acc_parity_0086686273.sos,11,1,0,1,1,1,2
3state1ap0acc_106914.sos,3state1ap0acc_077964.sos,62,1,0,0,1,1,51
3state1ap0acc_013316.sos,2state1ap2acc_parity_0005870344.sos,57,1,0,0,1,1,52
3state1ap0acc_004504.sos,3state1ap0acc_076868.sos,302,1,0,0,1,1,2637
3state2ap2acc_parity_01780485004139890192805854219217070000489011.sos,3state2ap2acc_parity_02402374494256087094923511219952545824759934.sos,157,1,0,0,1,1,475
3state1ap0acc_070284.sos,3state1ap0acc_075850.sos,61,1,0,0,1,1,44
3state1ap0acc_070376.sos,3state1ap0acc_025637.sos,319,1,0,0,1,1,3404
3state1ap0acc_112772.sos,3state1ap0acc_006278.sos,85,1,0,0,1,1,86
2state2ap2acc_parity_10133259366182896005.sos,2state2ap2acc_parity_15035276434837441332.sos,58,1,0,0,1,1,52
1state3ap1acc_05673.sos,1state3ap1acc_05641.sos,7,1,0,0,1,1,1
2state1ap1acc_00296.sos,3state1ap0acc_070788.sos,40,1,0,0,1,1,17
3state1ap0acc_090722.sos,3state1ap0acc_025236.sos,89,1,0,0,1,1,103
3state1ap1acc_19327911246.sos,3state1ap0acc_013592.sos,103,1,0,0,1,1,154
3state1ap0acc_027184.sos,3state1ap0acc_025091.sos,56,1,0,0,1,1,42
3state1ap0acc_076430.sos,3state1ap0acc_025688.sos,266,1,0,0,1,1,2048
3state1ap0acc_076332.sos,3state1ap2acc_parity_2454085339158517099525.sos,131,1,0,0,1,1,333
3state1ap0acc_021025.sos,3state1ap1acc_05671138568.sos,18,1,0,0,1,1,3
2state1ap1acc_18824.sos,3state1ap0acc_074088.sos,12,1,0,0,1,1,1
3state1ap0acc_013604.sos,3state1ap1acc_09288548440.sos,249,1,0,0,1,1,1781
3state1ap0acc_005828.sos,3state1ap0acc_080136.sos,60,1,0,0,1,1,42
2state3ap1acc_parity_17048200423640813872.sos,1state3ap1acc_00300.sos,5,1,0,0,1,1,1
3state1ap0acc_020738.sos,2state1ap1acc_00296.sos,10,1,0,0,1,1,1
3state1ap0acc_012714.sos,3state1ap0acc_007433.sos,170,1,0,0,1,1,611
3state1ap0acc_004709.sos,3state1ap0acc_078372.sos,37,1,1,0,1,1,13
3state1ap0acc_012569.sos,2state1ap2acc_parity_0175001344.sos,33,1,0,0,1,1,10
2state1ap2acc_parity_0285507874.sos,3state1ap0acc_090708.sos,28,1,0,0,1,1,7
3state1ap1acc_parity_35299394712.sos,3state1ap0acc_024665.sos,54,1,0,0,1,1,34
3state1ap0acc_005384.sos,2state1ap1acc_01732.sos,43,1,1,0,1,1,22
3state1ap0acc_080452.sos,3state1ap0acc_086624.sos,150,1,0,0,1,1,403
2state2ap2acc_parity_12908514041167618154.sos,2state2ap2acc_parity_10145772993640302040.sos,18,1,1,0,1,1,5
3state1ap0acc_020728.sos,3state1ap0acc_024722.sos,85,1,0,0,1,1,99
3state2ap1acc_parity_3728182805126039280373.sos,2state2ap1acc_parity_0898814024.sos,19,1,0,0,1,1,3
3state1ap0acc_024657.sos,3state1ap1acc_parity_01793722533.sos,27,1,1,0,1,1,9
3state1ap0acc_071048.sos,2state1ap1acc_07304.sos,52,1,0,0,1,1,29
3state1ap0acc_073834.sos,3state1ap0acc_005252.sos,48,1,0,0,1,1,28
3state1ap0acc_078180.sos,3state1ap0acc_021676.sos,186,1,0,0,1,1,473
3state1ap0acc_004745.sos,3state1ap0acc_072326.sos,20,1,0,0,1,1,3
3state1ap0acc_078468.sos,3state1ap2acc_parity_2509786589937695033090.sos,79,1,0,0,1,1,80
3state1ap0acc_079910.sos,3state1ap0acc_078421.sos,61,1,0,0,1,1,36
1state1ap2acc_024.sos,3state1ap0acc_078156.sos,20,1,0,0,1,1,3
3state1ap0acc_025091.sos,3state1ap0acc_026649.sos,38,1,0,0,1,1,16
3state1ap0acc_075796.sos,2state1ap2acc_parity_0718865472.sos,24,1,0,0,1,1,5
3state1ap2acc_parity_2628805739429258462492.sos,3state1ap0acc_015626.sos,48,1,0,0,1,1,23
3state1ap0acc_029994.sos,3state1ap0acc_013324.sos,62,1,0,0,1,1,41
3state2ap2acc_parity_01547795618021375473617303844850997545774316.sos,2state2ap2acc_parity_10714372850019555267.sos,28,1,0,0,1,1,7
3state1ap0acc_061528.sos,3state1ap0acc_074261.sos,86,1,0,0,1,1,112
3state1ap0acc_092686.sos,3state1ap0acc_029960.sos,46,1,0,0,1,1,20
3state1ap0acc_024841.sos,2state1ap0acc_120.sos,12,1,0,0,1,1,1
3state1ap0acc_080388.sos,2state1ap2acc_parity_0021669632.sos,23,1,0,0,1,1,5
2state1ap2acc_parity_0140935178.sos,3state1ap0acc_026681.sos,44,1,1,0,1,1,27
3state1ap1acc_09215799313.sos,3state1ap0acc_070796.sos,115,1,0,0,1,1,264
3state1ap0acc_024916.sos,3state1ap0acc_020552.sos,26,1,0,0,1,1,7
2state1ap1acc_18824.sos,2state1ap2acc_parity_0076048976.sos,24,1,0,0,1,1,4
3state2ap2acc_parity_03834764763881728717910314254113060058185949.sos,3state2ap2acc_parity_03482195632060633420120722351180726207960086.sos,252,1,0,0,1,1,1928
2state1ap2acc_parity_0344556040.sos,3state1ap0acc_006798.sos,50,1,0,0,1,1,26
3state1ap2acc_parity_0268198834134676538498.sos,3state1ap1acc_17725677905.sos,295,1,0,0,1,1,1994
3state1ap0acc_005128.sos,2state1ap0acc_022.sos,19,1,1,0,1,1,4
3state1ap0acc_024741.sos,3state1ap0acc_078948.sos,24,1,0,0,1,1,4
2state1ap2acc_parity_0004234498.sos,2state1ap1acc_19552.sos,16,1,1,0,1,1,3
2state1ap1acc_06208.sos,3state1ap0acc_029700.sos,42,1,0,1,1,1,21
3state1ap0acc_012620.sos,3state1ap0acc_090788.sos,60,1,1,0,1,1,47
3state1ap0acc_071694.sos,2state1ap0acc_097.sos,21,1,0,0,1,1,4
3state1ap0acc_025625.sos,3state1ap0acc_004620.sos,21,1,0,1,1,1,5
3state1ap0acc_007176.sos,3state1ap0acc_031912.sos,71,1,1,0,1,1,50
2state2ap2acc_parity_06974843191079472382.sos,2state2ap2acc_parity_06007239577792849073.sos,28,1,0,0,1,1,9
3state1ap0acc_004748.sos,3state1ap0acc_021208.sos,98,1,1,0,1,1,161
3state1ap0acc_005514.sos,3state1ap2acc_parity_0004648567076615620494.sos,108,1,0,0,1,1,194
2state1ap1acc_06272.sos,3state1ap0acc_012614.sos,38,1,0,0,1,1,22
3state1ap0acc_024656.sos,2state1ap2acc_parity_0175001344.sos,57,1,0,0,1,1,73
3state1ap0acc_030248.sos,3state1ap0acc_004276.sos,116,1,0,0,1,1,180
2state2ap1acc_parity_2727375402.sos,2state2ap2acc_parity_03460833195761536387.sos,185,1,0,0,1,1,898
3state1ap0acc_005254.sos,2state1ap2acc_parity_2819236378.sos,19,1,0,0,1,1,5
3state1ap1acc_21895069968.sos,3state1ap0acc_092312.sos,176,1,0,0,1,1,698
2state1ap2acc_parity_0000361634.sos,3state1ap0acc_091650.sos,24,1,0,0,1,1,5
3state1ap1acc_11678302412.sos,3state1ap0acc_078857.sos,62,1,0,0,1,1,57
2state1ap2acc_parity_0002234960.sos,3state1ap0acc_112780.sos,39,1,0,0,1,1,11
2state1ap2acc_parity_1091584292.sos,3state1ap0acc_005294.sos,80,1,0,0,1,1,81
3state1ap0acc_080012.sos,3state1ap0acc_006600.sos,55,1,0,0,1,1,26
2state1ap2acc_parity_0000349482.sos,3state1ap0acc_069800.sos,26,1,0,0,1,1,7
3state1ap0acc_025056.sos,3state1ap0acc_004628.sos,27,1,0,1,1,1,8
3state1ap0acc_075080.sos,3state1ap0acc_004280.sos,69,1,0,0,1,1,69
2state1ap1acc_50306.sos,3state1ap0acc_004645.sos,26,1,0,0,1,1,7
3state1ap0acc_080006.sos,3state1ap0acc_078862.sos,131,1,0,0,1,1,330
2state1ap2acc_parity_0021864450.sos,3state1ap1acc_parity_23539146765.sos,14,1,1,0,1,1,2
3state1ap1acc_parity_02217028642.sos,3state1ap0acc_006570.sos,60,1,0,1,1,1,46
3state1ap0acc_029200.sos,3state1ap0acc_024738.sos,47,1,0,0,1,1,29
3state1ap0acc_078488.sos,2state1ap1acc_05192.sos,104,1,0,0,1,1,209
3state1ap0acc_086172.sos,3state1ap0acc_004490.sos,55,1,0,0,1,1,50
3state1ap0acc_013400.sos,3state1ap0acc_013612.sos,101,1,0,0,1,1,128
3state1ap0acc_086169.sos,3state1ap1acc_10818159298.sos,113,1,1,0,1,1,246
3state1ap1acc_06510251562.sos,3state1ap0acc_075820.sos,139,1,0,0,1,1,358
2state1ap2acc_parity_0023610368.sos,3state1ap0acc_024784.sos,86,1,0,0,1,1,160
3state1ap0acc_112654.sos,3state1ap0acc_112644.sos,40,1,0,1,1,1,23
3state1ap1acc_11475928280.sos,3state1ap0acc_013336.sos,25,1,0,0,1,1,6
3state1ap0acc_070788.sos,3state1ap0acc_074325.sos,83,1,0,0,1,1,86
3state1ap0acc_005530.sos,2state1ap2acc_parity_0005327658.sos,42,1,0,0,1,1,26
3state1ap1acc_17926488192.sos,3state1ap0acc_006422.sos,352,1,0,0,1,1,3814
1state3ap1acc_06181.sos,1state3ap1acc_06528.sos,7,1,0,0,1,1,1
3state1ap0acc_024665.sos,3state1ap0acc_025229.sos,39,1,0,0,1,1,16
3state1ap0acc_013444.sos,3state1ap0acc_007684.sos,32,1,0,0,1,1,13
3state1ap1acc_parity_34597062272.sos,3state1ap0acc_025640.sos,41,1,0,0,1,1,16
1state2ap2acc_00384.sos,2state2ap2acc_parity_13872042487650145799.sos,44,1,0,0,1,1,23
3state1ap0acc_007214.sos,2state1ap2acc_parity_1428488866.sos,32,1,0,0,1,1,7
3state1ap0acc_030732.sos,2state1ap2acc_parity_0279620104.sos,515,1,0,0,1,1,11055
2state1ap2acc_parity_1414367887.sos,3state1ap0acc_025236.sos,27,1,0,0,1,1,7
2state1ap2acc_parity_0440717097.sos,2state1ap2acc_parity_1313194541.sos,10,1,0,1,1,1,1
3state1ap0acc_093320.sos,3state1ap0acc_071702.sos,373,1,0,0,1,1,4739
3state1ap0acc_005404.sos,3state1ap0acc_013592.sos,84,1,1,0,1,1,129
2state1ap2acc_parity_2290440257.sos,3state1ap0acc_006422.sos,74,1,0,0,1,1,112
3state1ap0acc_007436.sos,2state1ap2acc_parity_0008445188.sos,110,1,0,0,1,1,244
2state1ap2acc_parity_1101285640.sos,3state1ap0acc_029965.sos,41,1,0,0,1,1,23
3state1ap1acc_18255005972.sos,3state1ap0acc_025121.sos,49,1,0,0,1,1,28
3state1ap1acc_01112278057.sos,2state1ap2acc_parity_1150265856.sos,16,1,0,0,1,1,3
2state1ap2acc_parity_0004822272.sos,3state1ap0acc_075942.sos,104,1,0,0,1,1,208
3state1ap0acc_025708.sos,3state1ap0acc_029325.sos,24,1,0,0,1,1,4
3state1ap2acc_parity_1579816884277793915663.sos,2state1ap1acc_16929.sos,14,1,0,0,1,1,2
3state1ap0acc_027165.sos,3state1ap1acc_55983376460.sos,25,1,0,0,1,1,4
3state1ap1acc_04628787206.sos,3state1ap1acc_02383774432.sos,15,1,0,0,1,1,2
2state2ap2acc_parity_13954967989203052064.sos,2state2ap2acc_parity_11862219100637939786.sos,88,1,0,0,1,1,155
3state1ap0acc_004276.sos,3state1ap1acc_parity_19596093573.sos,56,1,0,0,1,1,47
2state1ap1acc_05192.sos,3state1ap2acc_parity_0246980041349316193792.sos,48,1,0,0,1,1,30
3state1ap1acc_17767184896.sos,3state1ap0acc_071754.sos,34,1,0,0,1,1,12
2state1ap2acc_parity_0002234113.sos,3state1ap0acc_005684.sos,178,1,0,0,1,1,668
3state1ap0acc_012553.sos,3state1ap0acc_030292.sos,48,1,0,0,1,1,29
3state1ap0acc_005670.sos,3state1ap0acc_013645.sos,105,1,0,0,1,1,176
3state1ap0acc_005304.sos,3state1ap1acc_parity_05519769640.sos,39,1,0,0,1,1,20
3state1ap0acc_076420.sos,3state1ap0acc_030788.sos,83,1,0,0,1,1,109
3state1ap0acc_004506.sos,2state1ap2acc_parity_0044061704.sos,57,1,0,0,1,1,47
3state1ap0acc_005162.sos,3state1ap0acc_015380.sos,81,1,0,0,1,1,107
2state2ap2acc_parity_08097378024127669867.sos,2state2ap2acc_parity_01025293266847957421.sos,61,1,0,0,1,1,50
3state1ap0acc_005276.sos,2state1ap2acc_parity_0006272130.sos,184,1,0,0,1,1,728
3state1ap0acc_030986.sos,3state1ap0acc_027196.sos,182,1,0,0,1,1,782
3state2ap1acc_parity_0564429542916576318587.sos,3state2ap1acc_parity_1801237806895442650342.sos,75,1,0,0,1,1,75
3state2ap2acc_parity_00235886993773694390966782803867390819255335.sos,2state2ap2acc_parity_03129656159512711225.sos,98,1,0,0,1,1,205
2state2ap2acc_parity_12687915630454473158.sos,2state2ap2acc_parity_03718533871917009151.sos,91,1,0,0,1,1,160
3state1ap0acc_092297.sos,2state1ap2acc_parity_0005870344.sos,80,1,0,0,1,1,75
3state1ap0acc_004662.sos,3state1ap0acc_005284.sos,62,1,0,0,1,1,51
2state1ap2acc_parity_0361465986.sos,3state1ap0acc_090312.sos,35,1,0,0,1,1,14
2state1ap1acc_01218.sos,2state1ap2acc_parity_1369442440.sos,40,1,0,0,1,1,18
3state1ap0acc_013845.sos,3state1ap0acc_004264.sos,61,1,0,1,1,1,45
3state1ap0acc_090756.sos,3state1ap0acc_013668.sos,131,1,0,0,1,1,270
3state1ap0acc_071182.sos,3state1ap0acc_005422.sos,48,1,0,0,1,1,23
2state1ap2acc_parity_0021782912.sos,3state1ap0acc_024946.sos,80,1,0,0,1,1,100
3state1ap0acc_070312.sos,3state1ap0acc_013325.sos,214,1,0,0,1,1,1288
3state1ap0acc_031236.sos,3state1ap0acc_076294.sos,184,1,0,0,1,1,783
3state1ap0acc_005126.sos,3state1ap0acc_007686.sos,34,1,1,0,1,1,16
3state1ap0acc_029986.sos,2state1ap1acc_06280.sos,72,1,0,0,1,1,78
3state1ap1acc_03215499273.sos,3state1ap0acc_013992.sos,81,1,0,0,1,1,108
2state2ap2acc_parity_12147245284883175713.sos,2state2ap2acc_parity_00732443274184804514.sos,16,1,0,0,1,1,3
2state1ap2acc_parity_0004538925.sos,3state1ap0acc_028192.sos,29,1,0,0,1,1,7
3state1ap0acc_074860.sos,3state1ap0acc_079886.sos,154,1,0,0,1,1,318
3state1ap0acc_070792.sos,3state1ap0acc_007708.sos,85,1,1,0,1,1,134
3state1ap0acc_025713.sos,3state1ap0acc_012714.sos,33,1,0,1,1,1,9
3state1ap1acc_02229236748.sos,2state1ap2acc_parity_0005137920.sos,21,1,0,1,1,1,5
2state1ap2acc_parity_0002234960.sos,3state1ap2acc_parity_2601875381363661972226.sos,26,1,1,0,1,1,8
2state1ap1acc_01168.sos,3state1ap2acc_parity_2568710745067348706059.sos,54,1,0,0,1,1,37
3state1ap1acc_22687934472.sos,3state1ap0acc_012554.sos,12,1,0,0,1,1,1
3state1ap0acc_007462.sos,3state1ap0acc_006170.sos,212,1,0,0,1,1,1208
3state1ap1acc_08809679048.sos,3state1ap0acc_007332.sos,61,1,0,1,1,1,68
3state1ap0acc_024696.sos,3state1ap1acc_parity_20955287557.sos,43,1,0,0,1,1,31
3state1ap0acc_007174.sos,2state1ap2acc_parity_1363576902.sos,89,1,0,0,1,1,177
2state1ap1acc_17186.sos,2state1ap2acc_parity_0145166592.sos,14,1,0,1,1,1,2
3state1ap0acc_024848.sos,3state1ap1acc_45103587365.sos,29,1,0,0,1,1,8
3state1ap0acc_006426.sos,3state1ap0acc_013606.sos,203,1,0,0,1,1,832
2state2ap2acc_parity_08608609063112106199.sos,2state2ap2acc_parity_07285067545879021657.sos,77,1,0,0,1,1,103
3state1ap0acc_012360.sos,2state1ap2acc_parity_0707694609.sos,9,1,1,0,1,1,1
2state1ap2acc_parity_0041993040.sos,3state1ap0acc_021914.sos,102,1,0,0,1,1,195
3state1ap0acc_029006.sos,3state1ap0acc_079940.sos,103,1,0,0,1,1,170
3state1ap0acc_021736.sos,3state1ap2acc_parity_1266701870302111145966.sos,18,1,0,0,1,1,3
2state1ap2acc_parity_1091584292.sos,3state1ap0acc_112780.sos,40,1,0,0,1,1,14
3state1ap2acc_parity_0047419954103847689795.sos,3state1ap0acc_076422.sos,79,1,0,0,1,1,95
2state1ap1acc_06496.sos,3state1ap0acc_078921.sos,44,1,0,0,1,1,21
2state1ap2acc_parity_0009035840.sos,3state1ap0acc_079884.sos,129,1,0,0,1,1,372
2state1ap1acc_06498.sos,3state1ap0acc_028938.sos,17,1,0,1,1,1,2
3state2ap2acc_parity_00080359837673130214296192818459805122347394.sos,3state2ap2acc_parity_00928052725213029691375986223917460570013749.sos,366,1,0,0,1,1,5812
3state1ap1acc_34564680784.sos,3state1ap0acc_028962.sos,21,1,0,0,1,1,4
3state1ap0acc_030292.sos,3state1ap0acc_077976.sos,135,1,0,0,1,1,382
2state2ap2acc_parity_15335883492300863140.sos,1state2ap2acc_00292.sos,8,1,0,0,1,1,1
3state1ap0acc_029988.sos,3state1ap0acc_078532.sos,121,1,0,0,1,1,216
2state1ap2acc_parity_1413644800.sos,3state1ap0acc_070026.sos,41,1,0,0,1,1,17
2state1ap1acc_18497.sos,3state1ap1acc_00423923360.sos,49,1,1,0,1,1,29
3state1ap0acc_106566.sos,3state1ap0acc_013576.sos,85,1,0,0,1,1,109
3state1ap0acc_005422.sos,3state1ap0acc_076042.sos,106,1,0,0,1,1,164
3state1ap1acc_02383774432.sos,2state1ap2acc_parity_0022079492.sos,25,1,0,0,1,1,7
3state1ap0acc_080900.sos,3state1ap1acc_09504426728.sos,173,1,0,0,1,1,730
3state1ap0acc_004504.sos,2state1ap2acc_parity_1342875713.sos,22,1,0,0,1,1,6
3state1ap0acc_024952.sos,3state1ap1acc_46339064451.sos,51,1,0,0,1,1,29
3state1ap1acc_parity_24805433345.sos,3state1ap0acc_013892.sos,148,1,0,0,1,1,477
3state1ap2acc_parity_0004648567076615620494.sos,3state1ap0acc_092678.sos,51,1,0,0,1,1,29
3state1ap0acc_030788.sos,3state1ap0acc_025972.sos,149,1,0,0,1,1,449
2state1ap0acc_086.sos,3state1ap0acc_031241.sos,52,1,0,0,1,1,38
3state1ap1acc_17725677905.sos,3state1ap1acc_11470250181.sos,17,1,0,0,1,1,2
3state1ap0acc_025091.sos,3state1ap0acc_074408.sos,33,1,0,0,1,1,11
3state1ap0acc_027192.sos,3state1ap0acc_004708.sos,104,1,0,0,1,1,163
3state1ap2acc_parity_3791357401319149553198.sos,3state1ap0acc_025320.sos,77,1,0,0,1,1,73
3state1ap0acc_007560.sos,3state1ap0acc_006168.sos,34,1,0,0,1,1,12
3state1ap2acc_parity_2601875381363661972226.sos,2state1ap2acc_parity_1528190125.sos,63,1,0,0,1,1,61
2state1ap2acc_parity_0357503297.sos,3state1ap0acc_004237.sos,18,1,0,0,1,1,2
1state3ap1acc_06241.sos,1state3ap1acc_01968.sos,8,1,0,0,1,1,1
3state1ap0acc_025618.sos,3state1ap0acc_025236.sos,40,1,0,0,1,1,17
2state2ap2acc_parity_10422940770602048534.sos,2state2ap2acc_parity_02412135448199726114.sos,54,1,0,0,1,1,41
3state2ap2acc_parity_03157052310097838945731323106838689975135344.sos,2state2ap2acc_parity_10413371991452234123.sos,243,1,0,0,1,1,1644
3state1ap0acc_006472.sos,3state1ap0acc_075788.sos,120,1,0,0,1,1,282
3state1ap0acc_075910.sos,2state1ap0acc_049.sos,34,1,0,1,1,1,12
2state1ap2acc_parity_0173097769.sos,3state1ap0acc_024778.sos,30,1,0,0,1,1,8
3state1ap0acc_078180.sos,3state1ap0acc_074408.sos,121,1,0,0,1,1,249
2state2ap2acc_parity_02784935455026984028.sos,3state2ap1acc_parity_1899152095831626396797.sos,28,1,1,0,1,1,8
3state1ap0acc_096268.sos,3state1ap0acc_029321.sos,83,1,0,0,1,1,92
3state1ap0acc_013864.sos,3state1ap1acc_00089691476.sos,81,1,0,0,1,1,99
2state1ap1acc_18816.sos,2state1ap2acc_parity_0019047233.sos,10,1,0,0,1,1,1
2state1ap2acc_parity_0044706324.sos,3state1ap0acc_029704.sos,67,1,0,0,1,1,66
2state1ap2acc_parity_0545426951.sos,3state1ap0acc_025089.sos,9,1,0,0,1,1,1
3state1ap0acc_004252.sos,3state1ap0acc_025656.sos,76,1,0,0,1,1,94
3state1ap0acc_029004.sos,3state1ap1acc_02756182682.sos,29,1,0,0,1,1,12
3state1ap0acc_069764.sos,3state1ap0acc_004488.sos,27,1,0,0,1,1,7
3state1ap0acc_025944.sos,3state1ap0acc_021108.sos,172,1,0,0,1,1,588
3state1ap1acc_25267159780.sos,3state1ap0acc_013388.sos,144,1,0,0,1,1,318
3state1ap1acc_00501801994.sos,3state1ap0acc_070244.sos,208,1,0,0,1,1,902
3state1ap0acc_004237.sos,3state1ap1acc_11489888264.sos,19,1,1,0,1,1,2
3state1ap0acc_030028.sos,2state1ap2acc_parity_0001576965.sos,44,1,0,0,1,1,20
3state1ap2acc_parity_0202938255164409266256.sos,3state1ap1acc_45500682644.sos,23,1,0,0,1,1,5
3state1ap0acc_025104.sos,3state1ap1acc_02161781220.sos,16,1,0,0,1,1,2
