a,b,c,tri_ok,ms
3state1ap1acc_17325470882.sos,3state1ap0acc_112644_c.sos,3state1ap0acc_091336.sos,1,68
2state1ap2acc_parity_0495881612.sos,3state1ap0acc_029006.sos,3state1ap0acc_091212.sos,1,92
3state1ap0acc_075844.sos,3state1ap0acc_023089_c.sos,3state1ap0acc_096392_c.sos,1,121
3state1ap0acc_028804_c.sos,2state1ap1acc_06284.sos,3state1ap1acc_52892438391.sos,1,2
3state1ap0acc_025248.sos,3state1ap0acc_073928.sos,3state1ap0acc_091236.sos,1,176
3state1ap0acc_078508.sos,3state1ap0acc_025642_c.sos,3state1ap0acc_006684_c.sos,1,25
3state1ap2acc_parity_1730104813266762304422_c.sos,2state1ap2acc_parity_0159485788_c.sos,3state1ap1acc_parity_06258090722_c.sos,1,52
2state1ap1acc_04358.sos,2state1ap1acc_05250.sos,3state1ap0acc_075805.sos,1,4
3state1ap2acc_parity_0682827486289373906434.sos,3state1ap1acc_35769115713_c.sos,3state1ap0acc_024650_c.sos,1,92
4state1ap1acc_parity_11962343464604113698.sos,3state1ap0acc_025112.sos,3state1ap0acc_080393_c.sos,1,29
3state1ap0acc_005673.sos,3state1ap0acc_091336.sos,3state1ap0acc_025296_c.sos,1,911
3state1ap0acc_031748.sos,3state1ap0acc_006148.sos,3state1ap0acc_015432.sos,1,202
3state1ap0acc_005652.sos,3state1ap0acc_091212.sos,3state1ap0acc_025893_c.sos,1,3490
3state1ap1acc_parity_52965716128_c.sos,2state1ap1acc_03168.sos,3state1ap0acc_024948_c.sos,1,115
3state1ap0acc_004708_c.sos,3state1ap0acc_074756.sos,3state1ap0acc_080138.sos,1,192
2state1ap2acc_parity_0572212224.sos,3state1ap0acc_090190_c.sos,3state1ap0acc_013606_c.sos,1,79
3state1ap0acc_029325_c.sos,3state1ap1acc_05412549892.sos,3state1ap1acc_parity_21949986832_c.sos,1,3
3state1ap0acc_012554.sos,3state1ap0acc_007430.sos,3state1ap0acc_071756.sos,1,3005
3state1ap1acc_18420848649.sos,2state1ap1acc_16898.sos,3state1ap0acc_027161.sos,1,5
3state1ap0acc_106754_c.sos,3state1ap0acc_024841.sos,3state1ap0acc_024940.sos,1,13
3state1ap0acc_021208.sos,3state1ap0acc_031238_c.sos,3state1ap1acc_36239149220_c.sos,1,314
3state1ap0acc_025312_c.sos,3state1ap0acc_076297.sos,3state1ap0acc_029348.sos,1,8026
3state1ap1acc_10084024801_c.sos,3state1ap0acc_024709.sos,3state1ap0acc_021676.sos,1,30
1state2ap2acc_24960_c.sos,3state2ap2acc_parity_00442143975446621002174926794741649083380452_c.sos,1state2ap2acc_parity_06660_c.sos,1,13
3state1ap1acc_17348330017.sos,3state1ap0acc_074092.sos,3state1ap0acc_071962_c.sos,1,723
3state1ap0acc_075796.sos,3state1ap0acc_004428.sos,3state1ap0acc_004394.sos,1,11
2state1ap1acc_01120.sos,3state1ap0acc_091816.sos,3state1ap0acc_005162_c.sos,1,85
3state1ap0acc_029732.sos,3state1ap0acc_015364_c.sos,3state1ap2acc_parity_3791357401319149553198_c.sos,1,2032
3state1ap1acc_parity_20955287557_c.sos,3state1ap0acc_006808_c.sos,3state1ap0acc_076040.sos,1,131
1state2ap1acc_024_c.sos,2state2ap2acc_parity_15000387690674922722_c.sos,3state2ap2acc_parity_04482050508236234612271751510476758146335746_c.sos,1,94
3state1ap0acc_029796.sos,3state1ap0acc_092302.sos,3state1ap0acc_069780_c.sos,1,374
3state1ap2acc_parity_2601009273641902998539.sos,2state1ap2acc_parity_0004552970_c.sos,3state1ap0acc_027165_c.sos,1,13
3state1ap0acc_070212.sos,3state1ap0acc_031880.sos,3state1ap0acc_005164.sos,1,116
3state1ap1acc_00501801994_c.sos,3state1ap0acc_020898.sos,3state1ap0acc_024940.sos,1,44
3state1ap0acc_030726_c.sos,3state1ap0acc_030733.sos,3state1ap0acc_074377.sos,1,19
3state1ap0acc_073804_c.sos,2state1ap1acc_06280.sos,3state1ap0acc_112780.sos,1,24
3state1ap0acc_004613_c.sos,3state1ap0acc_031248_c.sos,3state1ap0acc_071686_c.sos,1,51
2state1ap1acc_06600.sos,3state1ap1acc_10951611776.sos,3state1ap2acc_parity_1500892642206368090510.sos,1,112
2state1ap2acc_parity_0047726660.sos,3state1ap1acc_21883242760.sos,2state1ap1acc_01218_c.sos,1,13
3state1ap0acc_090722.sos,3state1ap0acc_090756.sos,3state1ap0acc_007316.sos,1,16
2state1ap2acc_parity_0277848579.sos,3state1ap0acc_106754.sos,3state1ap0acc_074388.sos,1,14
3state1ap0acc_007470.sos,2state1ap2acc_parity_0015679492.sos,3state1ap0acc_004388.sos,1,21
3state1ap0acc_029996.sos,3state1ap2acc_parity_3145393506624289147654_c.sos,3state1ap0acc_004392.sos,1,193
3state1ap0acc_075800_c.sos,3state1ap0acc_079880.sos,3state1ap0acc_007716_c.sos,1,62
3state1ap0acc_013354_c.sos,3state1ap0acc_029028.sos,3state1ap0acc_026676_c.sos,1,147
3state1ap0acc_012652.sos,3state1ap0acc_024672_c.sos,3state1ap0acc_014020_c.sos,1,25
2state1ap2acc_parity_0276924416.sos,3state1ap0acc_006422_c.sos,3state1ap1acc_parity_03910008865.sos,1,115
4state1ap1acc_parity_05656524019982700798.sos,3state1ap0acc_073869.sos,3state1ap0acc_025240.sos,1,23
2state1ap1acc_01664.sos,3state1ap0acc_024737_c.sos,2state1ap2acc_parity_1413805336_c.sos,1,12
4state1ap1acc_parity_01008953694785029152.sos,3state1ap0acc_004237_c.sos,3state1ap0acc_025644.sos,1,18
3state1ap0acc_030872_c.sos,3state1ap1acc_05696129584.sos,3state1ap0acc_005669_c.sos,1,324
3state1ap0acc_029966_c.sos,3state1ap0acc_075801.sos,2state1ap1acc_06532_c.sos,1,1808
3state1ap0acc_070328.sos,3state1ap0acc_112652_c.sos,3state1ap0acc_013352.sos,1,307
3state1ap0acc_086232.sos,3state1ap0acc_012360.sos,2state1ap2acc_parity_0713198154_c.sos,1,56
3state1ap1acc_25502699548.sos,2state1ap2acc_parity_0000361634_c.sos,3state1ap0acc_012584.sos,1,7
3state1ap1acc_parity_34597062272_c.sos,3state1ap2acc_parity_0682827486289373906434_c.sos,3state1ap0acc_008292_c.sos,1,22
3state1ap0acc_024948_c.sos,3state1ap0acc_069832_c.sos,3state1ap0acc_006413.sos,1,555
3state1ap0acc_069772.sos,3state1ap1acc_34561179665_c.sos,3state1ap1acc_17767184896.sos,1,9
3state1ap1acc_01468642308_c.sos,3state1ap0acc_005638_c.sos,4state1ap1acc_parity_04634481197156671203.sos,1,18
3state1ap1acc_04753014874.sos,3state1ap1acc_21877768580_c.sos,3state1ap1acc_22079178886_c.sos,1,5
3state1ap0acc_022112_c.sos,3state1ap0acc_005166.sos,3state1ap0acc_015688.sos,1,108
3state1ap0acc_070292.sos,3state1ap0acc_076872_c.sos,3state1ap1acc_parity_01686113800_c.sos,1,1724
3state1ap0acc_005126.sos,3state1ap0acc_028936_c.sos,2state1ap2acc_parity_0176724042.sos,1,29
3state1ap0acc_029268.sos,3state1ap0acc_029189_c.sos,2state1ap1acc_01604.sos,1,45
3state1ap1acc_22687934472_c.sos,3state1ap0acc_024802_c.sos,3state1ap1acc_parity_03910008865.sos,1,3
2state1ap2acc_parity_2823242831.sos,3state1ap0acc_005252.sos,3state1ap1acc_19341062696.sos,1,15
3state1ap0acc_013845_c.sos,3state1ap0acc_025194_c.sos,3state1ap0acc_005414.sos,1,158
2state1ap2acc_parity_0130047747.sos,3state1ap1acc_09215799313_c.sos,3state1ap0acc_023089.sos,1,15
3state1ap0acc_080390_c.sos,2state1ap1acc_18048_c.sos,2state1ap2acc_parity_0069045002.sos,1,9
3state1ap0acc_004362_c.sos,3state1ap1acc_parity_23539146765.sos,3state1ap0acc_030726.sos,1,5
3state1ap0acc_090856_c.sos,3state1ap0acc_013604_c.sos,3state1ap0acc_073806.sos,1,560
3state1ap0acc_013845.sos,3state1ap0acc_013893.sos,2state1ap2acc_parity_0354844676.sos,1,491
3state1ap1acc_21642354752_c.sos,3state1ap2acc_parity_1579816884277793915663.sos,3state1ap0acc_073860_c.sos,1,3
3state1ap0acc_070812_c.sos,3state1ap0acc_031249_c.sos,3state1ap0acc_091808.sos,1,595
2state1ap1acc_17538.sos,3state1ap0acc_024856_c.sos,2state1ap2acc_parity_0021782912_c.sos,1,5
2state1ap2acc_parity_0357582722.sos,3state1ap0acc_074092_c.sos,3state1ap0acc_071756.sos,1,371
3state1ap0acc_070228_c.sos,3state1ap0acc_031246_c.sos,3state1ap0acc_005686.sos,1,38
3state1ap2acc_parity_3791357401319149553198.sos,3state1ap0acc_006692_c.sos,3state1ap0acc_021104_c.sos,1,112
3state1ap0acc_069828_c.sos,3state1ap0acc_030225.sos,3state1ap1acc_parity_52747897074.sos,1,96
3state1ap1acc_parity_01793722533.sos,3state1ap0acc_007206.sos,2state1ap2acc_parity_0274311170.sos,1,68
3state1ap1acc_04628787206_c.sos,3state1ap0acc_007820.sos,2state1ap1acc_01120.sos,1,31
3state1ap0acc_024930.sos,2state1ap2acc_parity_0360849926.sos,3state1ap1acc_04030993243.sos,1,11
3state1ap0acc_006174.sos,3state1ap0acc_096264.sos,3state1ap0acc_071752_c.sos,1,24
2state1ap2acc_parity_0361080842.sos,3state1ap0acc_025697_c.sos,3state1ap0acc_004388.sos,1,54
3state1ap0acc_004233.sos,3state1ap0acc_090214_c.sos,3state1ap1acc_12164072120.sos,1,20
3state1ap1acc_parity_22766815320_c.sos,4state1ap1acc_parity_05344102879891627920_c.sos,3state1ap0acc_022128.sos,1,138
3state1ap0acc_031246_c.sos,3state1ap0acc_006422.sos,3state1ap0acc_079880.sos,1,1425
2state1ap2acc_parity_0148915715_c.sos,3state1ap0acc_005300.sos,3state1ap0acc_075848.sos,1,921
2state1ap1acc_06208_c.sos,2state1ap1acc_00296.sos,3state1ap0acc_096268_c.sos,1,12
3state1ap0acc_072838_c.sos,3state1ap0acc_013348.sos,3state1ap0acc_025689_c.sos,1,1159
3state1ap0acc_024752.sos,2state1ap2acc_parity_0007767584_c.sos,2state1ap2acc_parity_0008553232.sos,1,20
4state1ap1acc_parity_12177738915448358160_c.sos,3state1ap0acc_073828_c.sos,3state1ap0acc_025722.sos,1,162
3state1ap0acc_005514_c.sos,3state1ap0acc_093704.sos,3state1ap0acc_074260.sos,1,21
3state1ap0acc_020890.sos,3state1ap0acc_006476.sos,3state1ap0acc_004664.sos,1,119
3state1ap0acc_012614.sos,3state1ap0acc_005160_c.sos,3state1ap0acc_006292.sos,1,14
3state1ap1acc_01477526538_c.sos,3state1ap0acc_007308_c.sos,2state1ap2acc_parity_0086686273_c.sos,1,218
3state1ap0acc_075848.sos,3state1ap0acc_070300.sos,3state1ap0acc_075781_c.sos,1,586
4state1ap1acc_parity_05787455694434394176_c.sos,3state1ap0acc_012586.sos,2state1ap1acc_18497.sos,1,5
3state1ap0acc_013321.sos,3state1ap0acc_097416.sos,3state1ap1acc_17316852264.sos,1,90
3state1ap0acc_006284_c.sos,3state1ap0acc_013641.sos,2state1ap2acc_parity_0152260743.sos,1,29
3state2ap2acc_parity_11157535807319221292164763959929888654998235_c.sos,3state2ap2acc_parity_12642373769571833261264723429408648136301363.sos,2state2ap1acc_parity_3430179795_c.sos,1,135
2state1ap1acc_01681.sos,3state1ap1acc_00144094378.sos,3state1ap0acc_006204_c.sos,1,9
3state1ap0acc_006796.sos,3state1ap0acc_031249_c.sos,3state1ap1acc_21877768580.sos,1,21
2state1ap2acc_parity_0022973824_c.sos,2state1ap1acc_03168.sos,3state1ap0acc_074852.sos,1,121
3state1ap0acc_090689.sos,3state1ap0acc_096522_c.sos,3state1ap0acc_021009.sos,1,7
3state1ap1acc_20602585714.sos,3state1ap1acc_19616788757_c.sos,2state1ap2acc_parity_2697937154.sos,1,17
3state1ap0acc_092302_c.sos,3state1ap0acc_106600_c.sos,3state1ap0acc_013448.sos,1,244
3state1ap2acc_parity_2574024314207122656261.sos,3state1ap0acc_076302.sos,3state1ap0acc_004504.sos,1,5687
3state1ap0acc_012580_c.sos,2state1ap2acc_parity_0270436363.sos,3state1ap0acc_079492_c.sos,1,72
3state1ap1acc_54870413440.sos,3state1ap0acc_005292.sos,2state1ap2acc_parity_1313194541.sos,1,27
3state1ap0acc_092426_c.sos,3state1ap0acc_013318_c.sos,3state1ap1acc_02170597444.sos,1,530
3state1ap0acc_004628_c.sos,3state1ap0acc_012360_c.sos,3state1ap0acc_025248.sos,1,6
2state1ap2acc_parity_0001417481.sos,3state1ap0acc_079893_c.sos,3state1ap1acc_20552143008.sos,1,8
3state1ap0acc_006413_c.sos,3state1ap0acc_092302_c.sos,2state1ap2acc_parity_0008553232_c.sos,1,256
3state1ap0acc_006406_c.sos,3state1ap0acc_030744_c.sos,3state1ap0acc_025314_c.sos,1,544
3state1ap0acc_024722.sos,3state1ap1acc_08763069152.sos,3state1ap0acc_013845.sos,1,55
3state1ap0acc_028748.sos,2state1ap1acc_04902.sos,3state1ap0acc_097416_c.sos,1,14
2state1ap2acc_parity_0006465024.sos,3state1ap0acc_078440_c.sos,3state1ap0acc_020874.sos,1,25
3state1ap0acc_071966_c.sos,2state1ap2acc_parity_0710149141_c.sos,2state1ap2acc_parity_1163278594_c.sos,1,8
3state1ap0acc_024738_c.sos,3state1ap0acc_069828.sos,3state1ap0acc_024784.sos,1,39
2state1ap2acc_parity_0086686273.sos,3state1ap0acc_006149.sos,3state1ap0acc_028748_c.sos,1,9
3state1ap0acc_030024_c.sos,3state1ap0acc_013322.sos,3state1ap0acc_029201_c.sos,1,26
3state1ap2acc_parity_0047419954103847689795.sos,3state1ap0acc_078218_c.sos,3state1ap0acc_075268_c.sos,1,56
3state1ap0acc_006168_c.sos,3state1ap0acc_012682.sos,3state1ap0acc_029004.sos,1,22
4state1ap1acc_parity_00363848402784490644_c.sos,3state1ap0acc_005692_c.sos,3state1ap0acc_079882_c.sos,1,49
3state1ap0acc_069764_c.sos,3state1ap0acc_074022.sos,3state1ap1acc_parity_19462283265_c.sos,1,5
4state1ap2acc_parity_031969154920980509553928165694307535558.sos,3state1ap0acc_075789_c.sos,3state1ap0acc_005654.sos,1,805
2state2ap2acc_parity_14134640005280270741_c.sos,2state2ap2acc_parity_02324350295120187772_c.sos,3state2ap2acc_parity_04396263878180991706233891487063055629705865_c.sos,1,3209
3state1ap0acc_012652.sos,3state1ap0acc_012360.sos,3state1ap0acc_078469.sos,1,12
3state1ap0acc_004280_c.sos,3state1ap0acc_078886.sos,3state1ap0acc_086169.sos,1,68
2state1ap2acc_parity_0069904465.sos,3state1ap1acc_19327911246.sos,2state1ap2acc_parity_0682573952.sos,1,5
3state1ap0acc_004568_c.sos,2state1ap2acc_parity_2751987743.sos,3state1ap0acc_006408_c.sos,1,14
3state1ap2acc_parity_1282704417945169446419_c.sos,3state1ap0acc_070166.sos,3state1ap0acc_080009_c.sos,1,442
3state1ap0acc_077990_c.sos,3state1ap0acc_024713.sos,3state1ap0acc_079944_c.sos,1,90
3state1ap0acc_024660.sos,3state1ap0acc_029736_c.sos,3state1ap1acc_12566156481.sos,1,16
3state1ap0acc_080526_c.sos,2state1ap1acc_18050.sos,3state1ap0acc_029976_c.sos,1,79
3state1ap1acc_00140268272_c.sos,3state1ap0acc_006430.sos,3state1ap0acc_074452_c.sos,1,24
3state1ap0acc_086172.sos,3state1ap1acc_parity_24805433345.sos,2state1ap2acc_parity_0067828500.sos,1,24
3state1ap0acc_025640_c.sos,3state1ap1acc_17926488192.sos,3state1ap1acc_parity_45970161914.sos,1,33
3state1ap2acc_parity_1185525822757898551385.sos,3state1ap0acc_112646.sos,3state1ap1acc_parity_09932264476_c.sos,1,29
3state1ap0acc_004276_c.sos,3state1ap1acc_parity_21949986832.sos,3state1ap0acc_013400.sos,1,51
3state1ap0acc_074344_c.sos,3state1ap1acc_parity_20303183877_c.sos,3state1ap0acc_028804_c.sos,1,47
2state1ap2acc_parity_0541081604_c.sos,3state1ap0acc_025236.sos,3state1ap0acc_073816.sos,1,45
3state1ap1acc_parity_20887920650_c.sos,2state1ap2acc_parity_0495881612_c.sos,3state1ap0acc_076072_c.sos,1,28
3state1ap0acc_006308_c.sos,3state1ap0acc_022632.sos,3state1ap0acc_090640.sos,1,35
4state1ap1acc_parity_01008953694785029152.sos,3state1ap0acc_004764_c.sos,3state1ap0acc_030024.sos,1,26
2state1ap1acc_01732_c.sos,2state1ap1acc_06536.sos,3state1ap0acc_074412_c.sos,1,62
3state1ap0acc_004490_c.sos,3state1ap0acc_007432_c.sos,2state1ap2acc_parity_1418691086_c.sos,1,44
3state1ap0acc_007181.sos,3state1ap0acc_012644_c.sos,3state1ap0acc_071710_c.sos,1,222
3state1ap1acc_05696129584_c.sos,3state1ap0acc_078116_c.sos,3state1ap0acc_025648_c.sos,1,15
3state1ap0acc_030884_c.sos,3state1ap0acc_020898_c.sos,3state1ap0acc_028868_c.sos,1,28
3state1ap1acc_34564680784.sos,3state1ap0acc_024657_c.sos,3state1ap0acc_005276.sos,1,359
2state1ap2acc_parity_0495881612_c.sos,3state1ap0acc_070150_c.sos,3state1ap0acc_090470.sos,1,20
3state1ap0acc_007836_c.sos,4state1ap1acc_parity_05552965279820131111.sos,3state1ap0acc_076872.sos,1,238
3state1ap0acc_029200_c.sos,3state1ap0acc_021920_c.sos,3state1ap0acc_070276_c.sos,1,41
3state1ap0acc_025276.sos,3state1ap0acc_029264.sos,3state1ap0acc_077896.sos,1,388
1state1ap2acc_parity_018.sos,2state1ap2acc_parity_0684213249_c.sos,3state1ap0acc_025625.sos,1,12
3state1ap0acc_020617_c.sos,3state1ap0acc_012569.sos,3state1ap0acc_030729.sos,1,703
3state1ap0acc_092744.sos,3state1ap0acc_080904.sos,3state1ap0acc_078116_c.sos,1,139
2state1ap2acc_parity_0352460833_c.sos,3state1ap0acc_075797.sos,3state1ap1acc_parity_34972191752.sos,1,11
3state1ap0acc_005262_c.sos,3state1ap0acc_061528_c.sos,2state1ap0acc_049.sos,1,775
3state1ap0acc_074852_c.sos,3state1ap0acc_073800.sos,3state1ap0acc_080068.sos,1,347
3state1ap1acc_parity_44575000737.sos,3state1ap0acc_025912_c.sos,3state1ap0acc_073816_c.sos,1,64
3state1ap0acc_004428.sos,3state1ap0acc_025688_c.sos,3state1ap0acc_074278_c.sos,1,779
3state1ap0acc_029990_c.sos,2state1ap0acc_036.sos,3state1ap0acc_077900_c.sos,1,44
3state1ap0acc_025168_c.sos,4state1ap1acc_parity_12643858153061091635_c.sos,3state1ap0acc_024848.sos,1,32
3state1ap0acc_090444.sos,3state1ap0acc_006300_c.sos,3state1ap0acc_075285.sos,1,29
2state1ap1acc_01732.sos,3state1ap0acc_024857_c.sos,3state1ap0acc_080036.sos,1,5
3state1ap1acc_parity_24713118346_c.sos,3state1ap0acc_006669.sos,3state1ap0acc_106890.sos,1,14
3state1ap1acc_24117428357.sos,3state1ap0acc_078156_c.sos,3state1ap0acc_030862_c.sos,1,37
3state1ap0acc_025944_c.sos,3state1ap1acc_06461882422.sos,3state1ap0acc_006476_c.sos,1,68
3state1ap0acc_026196.sos,3state1ap0acc_029416.sos,2state1ap1acc_49410.sos,1,151
2state1ap2acc_parity_0140935178.sos,3state1ap0acc_090312.sos,3state1ap0acc_071896_c.sos,1,52
3state1ap0acc_020874_c.sos,2state1ap2acc_parity_0014200578.sos,3state1ap0acc_075940.sos,1,132
3state1ap0acc_004268_c.sos,3state1ap0acc_029324_c.sos,3state1ap0acc_079876_c.sos,1,95
3state1ap0acc_078420.sos,2state1ap2acc_parity_0092868865.sos,3state1ap0acc_024802.sos,1,119
3state1ap0acc_012568.sos,3state1ap0acc_005382_c.sos,3state1ap0acc_029998_c.sos,1,19
3state1ap1acc_44331016324.sos,3state1ap0acc_013640.sos,3state1ap0acc_006808_c.sos,1,33
3state1ap0acc_078858_c.sos,3state1ap1acc_05426999573_c.sos,3state1ap1acc_parity_21949986832_c.sos,1,8
2state2ap1acc_parity_0006816819.sos,2state2ap2acc_parity_02648063864873096543.sos,2state2ap2acc_parity_10380556581045360796_c.sos,1,381
3state1ap0acc_073996.sos,3state1ap0acc_086641.sos,3state1ap0acc_005828.sos,1,31
3state1ap0acc_024770_c.sos,3state1ap0acc_004488.sos,3state1ap0acc_027193_c.sos,1,7
3state1ap1acc_21592814912_c.sos,3state1ap0acc_074008_c.sos,3state1ap0acc_013578_c.sos,1,28
3state1ap0acc_006472.sos,4state1ap1acc_parity_04902587422865489929_c.sos,3state1ap0acc_073996_c.sos,1,5
3state1ap1acc_11489888264.sos,3state1ap0acc_076074.sos,2state1ap1acc_06532_c.sos,1,23
3state1ap2acc_parity_0003551095219024464900.sos,3state1ap0acc_025240.sos,3state1ap2acc_parity_0159152145382624922635.sos,1,315
3state1ap0acc_096264.sos,3state1ap0acc_006808_c.sos,3state1ap0acc_004764_c.sos,1,24
3state1ap0acc_080964_c.sos,3state1ap0acc_004360.sos,3state1ap1acc_22628341444.sos,1,157
3state1ap1acc_parity_24805433345_c.sos,3state1ap2acc_parity_0157525302772576158087_c.sos,3state1ap0acc_080516.sos,1,276
3state1ap2acc_parity_2379739741152092899843.sos,3state1ap0acc_006570.sos,3state1ap0acc_025893.sos,1,905
2state1ap2acc_parity_1163278594_c.sos,3state1ap0acc_092360.sos,2state1ap2acc_parity_1162204226_c.sos,1,50
3state1ap0acc_012628_c.sos,3state1ap0acc_090690_c.sos,3state1ap0acc_024778_c.sos,1,18
3state1ap0acc_080004_c.sos,3state1ap0acc_005288.sos,3state1ap0acc_080006.sos,1,93
2state1ap2acc_parity_0014700292_c.sos,2state1ap2acc_parity_0243306009.sos,3state1ap0acc_005772.sos,1,930
3state1ap0acc_028936_c.sos,3state1ap2acc_parity_0004648567076615620494.sos,2state1ap2acc_parity_0148915715.sos,1,16
2state1ap1acc_19554_c.sos,2state1ap2acc_parity_0004538925.sos,3state1ap1acc_00215124056.sos,1,322
3state1ap1acc_45500682644_c.sos,3state1ap0acc_090693_c.sos,3state1ap0acc_005636_c.sos,1,30
3state1ap0acc_029000.sos,3state1ap0acc_078948_c.sos,3state1ap0acc_030024.sos,1,6
3state1ap0acc_013972_c.sos,3state1ap0acc_076293_c.sos,3state1ap1acc_09215799313_c.sos,1,27
3state1ap0acc_074062_c.sos,3state1ap0acc_078469_c.sos,3state1ap0acc_004490.sos,1,5
3state1ap0acc_024770_c.sos,3state1ap0acc_006148_c.sos,3state1ap0acc_029004.sos,1,5
3state1ap0acc_090689.sos,3state1ap0acc_004394.sos,4state1ap2acc_parity_063036089187240698000600034311139232047_c.sos,1,22
3state1ap1acc_02160206619.sos,3state1ap0acc_007348.sos,3state1ap0acc_025953_c.sos,1,2597
2state2ap2acc_parity_15568350751340371263_c.sos,2state2ap2acc_parity_05522610772710766970.sos,3state2ap1acc_parity_3728182805126039280373_c.sos,1,25
3state1ap0acc_013580_c.sos,3state1ap0acc_029016_c.sos,3state1ap0acc_071966_c.sos,1,426
2state1ap1acc_01172.sos,3state1ap0acc_106754_c.sos,2state1ap0acc_082_c.sos,1,5
3state1ap0acc_013336_c.sos,3state1ap1acc_45500682644_c.sos,3state1ap0acc_024657_c.sos,1,13
3state1ap0acc_004237.sos,3state1ap1acc_34972664996_c.sos,3state1ap1acc_03361866773_c.sos,1,26
2state1ap1acc_01170_c.sos,3state1ap0acc_024674.sos,2state1ap2acc_parity_1411326464.sos,1,4
3state1ap0acc_069832_c.sos,3state1ap0acc_023089_c.sos,3state1ap0acc_006426.sos,1,43
3state1ap0acc_025957.sos,3state1ap0acc_075848_c.sos,3state1ap1acc_10084024801_c.sos,1,1565
3state1ap0acc_030340_c.sos,2state1ap2acc_parity_0005870344.sos,3state1ap0acc_029986.sos,1,35
2state1ap1acc_18752.sos,3state1ap2acc_parity_0159152145382624922635_c.sos,3state1ap0acc_007181_c.sos,1,48
3state1ap0acc_025244_c.sos,2state1ap2acc_parity_0088836118.sos,3state1ap0acc_004772.sos,1,19
3state1ap0acc_075084_c.sos,2state1ap2acc_parity_1083056266.sos,3state1ap0acc_090220_c.sos,1,65
3state1ap1acc_01254180341.sos,3state1ap1acc_12566156481.sos,3state1ap0acc_004788_c.sos,1,15
3state1ap0acc_024689.sos,3state1ap0acc_013578_c.sos,3state1ap0acc_074765.sos,1,333
3state1ap0acc_074852_c.sos,3state1ap0acc_006200.sos,3state1ap0acc_006284.sos,1,298
3state1ap2acc_parity_0222475581887189605899.sos,3state1ap0acc_096328.sos,3state1ap0acc_071896.sos,1,132
3state1ap0acc_025192.sos,3state1ap0acc_073868_c.sos,3state1ap0acc_078856_c.sos,1,41
3state2ap2acc_parity_05576569227336701795881771186943684696347151_c.sos,2state2ap1acc_parity_0340040009.sos,2state2ap2acc_parity_12770986806829009029_c.sos,1,53
3state1ap0acc_030726.sos,3state1ap0acc_005162.sos,3state1ap0acc_079880.sos,1,16
3state1ap0acc_079886.sos,3state1ap0acc_006788_c.sos,3state1ap0acc_090212.sos,1,530
3state1ap0acc_004620.sos,2state1ap2acc_parity_0137251585.sos,2state1ap2acc_parity_2195145216.sos,1,3
3state1ap0acc_075080_c.sos,2state1ap2acc_parity_0089313800.sos,3state1ap1acc_parity_24713118346.sos,1,6
3state1ap0acc_021670_c.sos,2state1ap2acc_parity_0144393216_c.sos,3state1ap0acc_012680_c.sos,1,394
3state1ap0acc_030060.sos,2state1ap1acc_07296_c.sos,3state1ap0acc_025633.sos,1,25
3state1ap1acc_parity_00537939912.sos,3state1ap0acc_024720.sos,3state1ap0acc_091244.sos,1,54
2state1ap1acc_05192.sos,3state1ap0acc_086169_c.sos,3state1ap0acc_029984.sos,1,271
3state1ap0acc_006406_c.sos,3state1ap0acc_107104_c.sos,3state1ap0acc_013389_c.sos,1,806
2state1ap1acc_16897.sos,3state1ap1acc_19668730178.sos,3state1ap0acc_024660_c.sos,1,9
3state1ap0acc_006538.sos,3state1ap0acc_012682_c.sos,3state1ap0acc_081540_c.sos,1,153
3state1ap0acc_106572_c.sos,3state1ap0acc_024648_c.sos,3state1ap1acc_00089691476.sos,1,5
2state1ap2acc_parity_0095627264_c.sos,3state1ap0acc_025137_c.sos,3state1ap1acc_10821896874_c.sos,1,3
3state1ap0acc_061698.sos,3state1ap0acc_005284_c.sos,3state1ap0acc_013580_c.sos,1,1298
3state1ap0acc_029356.sos,3state1ap0acc_093192.sos,3state1ap0acc_024692_c.sos,1,8510
2state1ap2acc_parity_0176724042_c.sos,2state1ap2acc_parity_1082231338.sos,3state1ap0acc_075850.sos,1,200
3state1ap0acc_029966_c.sos,3state1ap0acc_061858.sos,3state1ap0acc_080009.sos,1,989
3state2ap2acc_parity_05159874766097851869424855309416343993653297_c.sos,3state2ap2acc_parity_06277156923093593464064828605713250074581072.sos,1state2ap2acc_parity_00258.sos,1,1770
2state1ap2acc_parity_2823242831_c.sos,3state1ap0acc_005164_c.sos,3state1ap0acc_021670_c.sos,1,540
3state1ap0acc_013385_c.sos,2state1ap2acc_parity_0138479656_c.sos,3state1ap0acc_024910.sos,1,9
3state1ap0acc_070312.sos,2state1ap2acc_parity_0008557064_c.sos,2state1ap1acc_18816_c.sos,1,35
3state1ap0acc_025058_c.sos,3state1ap0acc_012358.sos,3state1ap0acc_013326.sos,1,855
3state1ap0acc_013389_c.sos,3state1ap0acc_090628.sos,3state1ap0acc_090625_c.sos,1,26
1state2ap1acc_097.sos,3state2ap2acc_parity_05666035822528113123149428255409776478732699_c.sos,2state2ap2acc_parity_00479293490505068693.sos,1,236
3state1ap1acc_parity_34382430232.sos,3state1ap0acc_080398.sos,3state1ap0acc_013400.sos,1,67
3state1ap0acc_070284_c.sos,2state1ap2acc_parity_0015614720_c.sos,3state1ap0acc_025701_c.sos,1,169
3state1ap0acc_027153_c.sos,3state1ap0acc_025713_c.sos,3state1ap1acc_parity_24805433345.sos,1,4
2state1ap2acc_parity_0001417481_c.sos,3state1ap0acc_029966_c.sos,3state1ap0acc_028936.sos,1,21
3state1ap0acc_093194.sos,3state1ap0acc_006284.sos,3state1ap0acc_078924_c.sos,1,124
2state2ap2acc_parity_12125081597581071066_c.sos,2state2ap2acc_parity_13888264432864332442.sos,3state2ap2acc_parity_18900349867980797418997401887817142552900500_c.sos,1,293
3state1ap0acc_012614_c.sos,3state1ap0acc_025976_c.sos,3state1ap0acc_073800.sos,1,14
3state1ap0acc_030088_c.sos,3state1ap0acc_029325.sos,3state1ap0acc_004390_c.sos,1,17
3state1ap0acc_006406_c.sos,3state1ap0acc_078341.sos,3state1ap0acc_005670_c.sos,1,99
3state1ap1acc_parity_19462283265_c.sos,2state1ap2acc_parity_0344556040_c.sos,3state1ap0acc_004677.sos,1,6
3state1ap2acc_parity_0682827486289373906434.sos,3state1ap0acc_080452_c.sos,3state1ap0acc_074278.sos,1,54
2state2ap2acc_parity_08157655028811488476_c.sos,2state2ap2acc_parity_00111729103757431907.sos,2state2ap2acc_parity_04985896833805248551_c.sos,1,48
3state1ap0acc_074776_c.sos,3state1ap0acc_070244_c.sos,3state1ap0acc_029992.sos,1,155
3state1ap1acc_18727537921.sos,2state1ap2acc_parity_0021782912.sos,3state1ap0acc_106572.sos,1,9
3state1ap0acc_075781.sos,3state1ap1acc_09254850569_c.sos,3state1ap0acc_004504_c.sos,1,215
3state1ap0acc_071896.sos,3state1ap0acc_021542.sos,3state1ap1acc_parity_03967827977.sos,1,38
3state1ap0acc_079876_c.sos,3state1ap1acc_00139684176.sos,3state1ap0acc_007348_c.sos,1,119
3state1ap0acc_028962.sos,3state1ap1acc_21408257092.sos,3state1ap1acc_parity_02952890502.sos,1,12
3state1ap0acc_025157_c.sos,3state1ap0acc_025704_c.sos,3state1ap0acc_077316_c.sos,1,47
3state1ap1acc_parity_24713118346_c.sos,3state1ap2acc_parity_1724774515019556456841_c.sos,3state1ap0acc_004756_c.sos,1,20
3state1ap0acc_080393.sos,2state1ap2acc_parity_0021669632_c.sos,3state1ap1acc_00577895438.sos,1,50
3state1ap0acc_024864.sos,3state1ap0acc_005254.sos,2state1ap1acc_00262.sos,1,3
3state1ap0acc_029734.sos,3state1ap1acc_25917628326.sos,3state1ap0acc_028772.sos,1,288
3state1ap0acc_074245.sos,3state1ap1acc_36239149220_c.sos,3state1ap0acc_029380_c.sos,1,13
2state1ap1acc_18048.sos,3state1ap0acc_020644.sos,3state1ap1acc_17926488192_c.sos,1,66
2state1ap0acc_100.sos,3state1ap0acc_004764_c.sos,4state1ap1acc_parity_02324335782928392226_c.sos,1,11
3state1ap0acc_078421_c.sos,3state1ap0acc_075348_c.sos,2state1ap0acc_086.sos,1,206
3state1ap1acc_02424312715.sos,3state1ap0acc_012552.sos,3state1ap0acc_029708_c.sos,1,761
4state1ap1acc_parity_14195417222003932486_c.sos,3state1ap0acc_092297.sos,3state1ap0acc_030857.sos,1,80
3state1ap0acc_024920.sos,3state1ap0acc_030792.sos,3state1ap2acc_parity_0863325839619135019271.sos,1,2745
3state1ap0acc_074761.sos,3state1ap0acc_071050.sos,3state1ap0acc_012616.sos,1,87
2state1ap2acc_parity_1089178116_c.sos,3state1ap0acc_029316_c.sos,3state1ap0acc_025637.sos,1,101
3state1ap0acc_031246.sos,3state1ap0acc_092169.sos,4state1ap2acc_parity_189888352042736996057462590870753750530_c.sos,1,136
3state1ap0acc_074860_c.sos,2state1ap1acc_00284.sos,3state1ap0acc_025136.sos,1,25
3state1ap0acc_021542_c.sos,3state1ap0acc_025106_c.sos,3state1ap0acc_024802_c.sos,1,21
3state1ap0acc_006808.sos,3state1ap0acc_025976_c.sos,3state1ap0acc_007177.sos,1,49
3state1ap0acc_090629_c.sos,3state1ap1acc_18255005972_c.sos,3state1ap0acc_027184.sos,1,80
3state1ap0acc_024682_c.sos,3state1ap0acc_025722_c.sos,3state1ap0acc_112654.sos,1,49
3state1ap0acc_020738_c.sos,2state1ap2acc_parity_1409747520.sos,3state1ap0acc_024944_c.sos,1,420
3state1ap0acc_004452_c.sos,3state1ap1acc_00577895438.sos,3state1ap0acc_006488.sos,1,14
3state1ap0acc_096265_c.sos,3state1ap0acc_007438_c.sos,3state1ap2acc_parity_2574024314207122656261_c.sos,1,369
3state1ap0acc_006456_c.sos,3state1ap2acc_parity_0682827486289373906434.sos,3state1ap0acc_029732.sos,1,424
3state1ap0acc_025106_c.sos,3state1ap0acc_078421_c.sos,3state1ap0acc_007181_c.sos,1,121
3state1ap0acc_092300.sos,3state1ap1acc_parity_25042096476.sos,3state1ap0acc_028748.sos,1,35
3state1ap1acc_05383439372_c.sos,3state1ap0acc_028872_c.sos,3state1ap2acc_parity_2574024314207122656261.sos,1,236
3state1ap0acc_079910_c.sos,3state1ap0acc_025157.sos,2state1ap2acc_parity_0089313800_c.sos,1,21
3state1ap0acc_005288.sos,4state1ap1acc_parity_05787455694434394176.sos,2state1ap2acc_parity_1528190125.sos,1,17
2state1ap1acc_05760_c.sos,2state1ap2acc_parity_0174933248_c.sos,3state1ap0acc_006422.sos,1,150
3state1ap0acc_092184_c.sos,3state1ap2acc_parity_3791357401319149553198.sos,2state1ap2acc_parity_0144393216.sos,1,703
3state1ap0acc_080136_c.sos,3state1ap0acc_004745.sos,3state1ap1acc_07525166242.sos,1,53
3state1ap0acc_025184.sos,3state1ap0acc_074056_c.sos,4state1ap1acc_parity_00252289612356345418.sos,1,50
3state1ap0acc_031244_c.sos,3state1ap0acc_005646.sos,3state1ap0acc_030225_c.sos,1,6251
2state1ap2acc_parity_0000349482.sos,3state1ap2acc_parity_2382534542979542328591_c.sos,3state1ap0acc_075844.sos,1,2210
3state1ap0acc_031748.sos,3state1ap0acc_077924_c.sos,3state1ap0acc_025104.sos,1,85
3state1ap0acc_006670_c.sos,3state1ap0acc_078152_c.sos,3state1ap0acc_007214.sos,1,108
3state1ap0acc_113156.sos,3state1ap0acc_106566.sos,3state1ap0acc_078984.sos,1,71
3state1ap0acc_096268.sos,3state1ap0acc_005422_c.sos,3state1ap0acc_077381.sos,1,22
3state1ap1acc_21510284353_c.sos,3state1ap0acc_024689.sos,2state1ap2acc_parity_0684213249_c.sos,1,9
3state1ap0acc_007716.sos,3state1ap0acc_078024_c.sos,3state1ap0acc_029336.sos,1,709
3state1ap0acc_073880.sos,3state1ap1acc_18465629186.sos,3state1ap0acc_026833_c.sos,1,40
3state1ap0acc_024672.sos,3state1ap0acc_074084_c.sos,3state1ap1acc_parity_19371786357_c.sos,1,42
3state1ap0acc_004376.sos,3state1ap0acc_029864.sos,3state1ap0acc_006456.sos,1,12
3state1ap1acc_45349179777.sos,3state1ap2acc_parity_0222475581887189605899.sos,3state1ap0acc_030340.sos,1,22
3state2ap2acc_parity_07131409991411177307553436271602182331950408_c.sos,2state2ap2acc_parity_05595583569518420391.sos,3state2ap2acc_parity_16790968647254032102693731852178355036386411_c.sos,1,166
2state1ap1acc_00265.sos,3state1ap0acc_090792_c.sos,3state1ap0acc_080524_c.sos,1,5
3state1ap1acc_parity_52882319568_c.sos,3state1ap1acc_43564713281.sos,4state1ap1acc_parity_10952855725751445146.sos,1,4
2state1ap2acc_parity_0004822272_c.sos,3state1ap0acc_030734.sos,3state1ap0acc_074392.sos,1,238
3state1ap0acc_091209.sos,3state1ap1acc_parity_17355320612.sos,3state1ap1acc_11157145634_c.sos,1,40
3state1ap0acc_029336.sos,3state1ap0acc_007188_c.sos,3state1ap0acc_007172.sos,1,99
3state1ap0acc_024920_c.sos,2state1ap2acc_parity_1418691086_c.sos,2state1ap2acc_parity_1083056266.sos,1,113
3state1ap0acc_024865.sos,3state1ap0acc_069772_c.sos,3state1ap0acc_074761.sos,1,27
3state1ap0acc_030120.sos,3state1ap1acc_07525166242.sos,3state1ap0acc_073993_c.sos,1,4
3state1ap2acc_parity_2382534542979542328591.sos,3state1ap0acc_024930_c.sos,3state1ap0acc_006820_c.sos,1,609
3state1ap0acc_078504.sos,3state1ap0acc_012582.sos,3state1ap0acc_006788.sos,1,6
3state1ap0acc_029090_c.sos,3state1ap0acc_021224_c.sos,3state1ap0acc_073801_c.sos,1,99
3state1ap0acc_013844_c.sos,3state1ap0acc_004568.sos,3state1ap0acc_073869_c.sos,1,378
3state1ap0acc_086625_c.sos,3state1ap1acc_34972664996_c.sos,3state1ap0acc_070828_c.sos,1,826
3state1ap0acc_030228.sos,2state1ap2acc_parity_1528190125.sos,2state1ap2acc_parity_0005106434.sos,1,45
3state1ap0acc_030024.sos,3state1ap0acc_078405.sos,2state1ap2acc_parity_1101285640_c.sos,1,24
3state1ap0acc_013317.sos,3state1ap0acc_074344_c.sos,3state1ap0acc_028962_c.sos,1,60
2state1ap2acc_parity_0538182656.sos,2state1ap2acc_parity_0719209480.sos,3state1ap1acc_44430561286_c.sos,1,9
3state1ap0acc_006440_c.sos,3state1ap0acc_005692_c.sos,2state1ap2acc_parity_0082224640.sos,1,85
3state1ap0acc_004452_c.sos,3state1ap0acc_078156.sos,2state1ap2acc_parity_0361465986.sos,1,21
3state1ap0acc_005162.sos,3state1ap0acc_029264.sos,3state1ap0acc_070042.sos,1,972
3state1ap0acc_013444_c.sos,2state1ap0acc_052_c.sos,3state1ap0acc_092172_c.sos,1,440
2state1ap2acc_parity_0069045002.sos,3state1ap0acc_090190_c.sos,3state1ap0acc_005688_c.sos,1,11
3state1ap0acc_074392_c.sos,3state1ap1acc_19879280012.sos,3state1ap0acc_013909.sos,1,47
3state1ap0acc_080008.sos,3state1ap0acc_029784_c.sos,3state1ap0acc_023089.sos,1,110
3state1ap0acc_013580.sos,3state1ap0acc_015688.sos,2state1ap2acc_parity_1164845312_c.sos,1,200
3state1ap1acc_parity_02551254100_c.sos,3state1ap0acc_091688_c.sos,2state1ap2acc_parity_1363576902_c.sos,1,80
2state1ap2acc_parity_0027829076_c.sos,2state1ap2acc_parity_0089473569_c.sos,3state1ap0acc_080389_c.sos,1,22
3state1ap0acc_012364_c.sos,3state1ap0acc_013321_c.sos,3state1ap0acc_006324.sos,1,169
2state1ap2acc_parity_0002040328_c.sos,3state1ap0acc_021080.sos,2state1ap1acc_06536_c.sos,1,11
3state1ap1acc_parity_52882319568.sos,3state1ap0acc_024769_c.sos,3state1ap0acc_021752.sos,1,15
3state1ap0acc_077961_c.sos,3state1ap0acc_013576_c.sos,3state1ap0acc_007181_c.sos,1,110
3state1ap1acc_45349179777_c.sos,3state1ap0acc_013354_c.sos,4state1ap1acc_parity_00946329868362653761.sos,1,7
3state1ap0acc_020652.sos,3state1ap1acc_parity_44575000737.sos,3state1ap0acc_112654.sos,1,85
3state1ap1acc_parity_54223979034.sos,3state1ap1acc_22281070770_c.sos,3state1ap0acc_007174_c.sos,1,184
3state1ap0acc_077924_c.sos,3state1ap0acc_070360_c.sos,3state1ap0acc_074309.sos,1,166
3state2ap1acc_parity_0067599098965285131071_c.sos,3state2ap2acc_parity_06277156923093593464064828605713250074581072_c.sos,2state2ap2acc_parity_15920898973842166266.sos,1,127
3state1ap0acc_012552.sos,3state1ap0acc_031241_c.sos,2state1ap2acc_parity_1094757452_c.sos,1,12
3state1ap0acc_029348.sos,2state1ap2acc_parity_0279620104.sos,3state1ap0acc_004536.sos,1,259
3state1ap1acc_parity_02217028642.sos,3state1ap0acc_025257.sos,3state1ap0acc_007188_c.sos,1,171
3state1ap0acc_006408.sos,3state1ap0acc_030728_c.sos,3state1ap0acc_007174.sos,1,68
2state1ap2acc_parity_0715295236_c.sos,3state1ap0acc_024810_c.sos,3state1ap0acc_079445_c.sos,1,47
3state1ap0acc_021920.sos,2state1ap2acc_parity_0015632386.sos,3state1ap0acc_075910.sos,1,183
3state1ap0acc_061510_c.sos,3state1ap1acc_11489888264.sos,3state1ap0acc_112780.sos,1,12
3state1ap0acc_012618.sos,3state1ap0acc_025642_c.sos,3state1ap0acc_078088_c.sos,1,5
2state1ap2acc_parity_0022642818.sos,3state1ap1acc_parity_24847343626.sos,3state1ap0acc_070798.sos,1,48
3state1ap1acc_34564680784.sos,3state1ap1acc_04386541912.sos,3state1ap0acc_005530_c.sos,1,230
3state1ap0acc_021105.sos,3state1ap1acc_45500682644.sos,3state1ap0acc_007686.sos,1,615
3state1ap1acc_17356070952_c.sos,3state1ap0acc_106600_c.sos,3state1ap0acc_024652_c.sos,1,91
3state1ap0acc_024849_c.sos,2state1ap2acc_parity_0495881612.sos,3state1ap0acc_073816_c.sos,1,13
3state1ap0acc_007814.sos,3state1ap0acc_076317_c.sos,3state1ap0acc_078340_c.sos,1,16
3state1ap2acc_parity_3791357401319149553198.sos,2state1ap1acc_00284.sos,3state1ap1acc_parity_35704149516.sos,1,2
3state1ap0acc_090468_c.sos,3state1ap0acc_069784_c.sos,3state1ap2acc_parity_1282809694496512603916_c.sos,1,2354
3state1ap0acc_077961.sos,3state1ap0acc_025112_c.sos,3state1ap0acc_007196_c.sos,1,617
3state1ap0acc_024880.sos,3state1ap0acc_024850_c.sos,3state1ap0acc_073869_c.sos,1,5
2state1ap2acc_parity_0144393216_c.sos,3state1ap0acc_026648_c.sos,3state1ap0acc_092424_c.sos,1,1164
3state1ap0acc_078984.sos,3state1ap0acc_078568.sos,1state1ap2acc_024.sos,1,23
3state1ap1acc_05512692032_c.sos,2state1ap2acc_parity_0285507874.sos,3state1ap0acc_071754_c.sos,1,19
3state1ap0acc_029336_c.sos,3state1ap0acc_091244.sos,3state1ap0acc_020896.sos,1,83
3state1ap0acc_092696_c.sos,3state1ap0acc_070056_c.sos,3state1ap1acc_parity_20887920650.sos,1,4
3state1ap2acc_parity_0001875479050666053122.sos,3state1ap1acc_00144094378.sos,3state1ap0acc_074325.sos,1,22
3state1ap0acc_069788_c.sos,3state1ap2acc_parity_3145393506624289147654_c.sos,3state1ap0acc_020912.sos,1,2919
2state1ap2acc_parity_0361465986_c.sos,3state1ap0acc_092297_c.sos,2state1ap1acc_18050.sos,1,20
3state1ap1acc_34972664996.sos,3state1ap0acc_080408.sos,3state1ap0acc_015624_c.sos,1,702
3state1ap0acc_074396.sos,3state1ap1acc_parity_02551254100.sos,3state1ap0acc_092168.sos,1,320
3state1ap0acc_074249_c.sos,3state1ap0acc_025257_c.sos,3state1ap0acc_024944.sos,1,2625
3state1ap0acc_007708.sos,3state1ap0acc_090722.sos,3state1ap1acc_01112278057.sos,1,520
3state1ap0acc_106890.sos,3state1ap0acc_078860.sos,3state1ap0acc_006168.sos,1,44
2state1ap2acc_parity_0004552970_c.sos,3state1ap0acc_013909_c.sos,3state1ap0acc_076808.sos,1,89
3state1ap0acc_030857.sos,3state1ap0acc_075780.sos,3state1ap0acc_074396.sos,1,295
4state1ap2acc_parity_270921812262875896499015089708261505953.sos,3state1ap0acc_071182_c.sos,2state1ap1acc_03168.sos,1,43
3state1ap0acc_074766_c.sos,3state1ap1acc_06712019249.sos,4state1ap1acc_parity_00000477264569012360_c.sos,1,24
3state1ap0acc_079940_c.sos,3state1ap0acc_005772_c.sos,2state1ap2acc_parity_0145166592_c.sos,1,4134
4state1ap2acc_parity_190140269992114720798438091468705858346_c.sos,4state1ap1acc_parity_12177738915448358160_c.sos,3state1ap0acc_013577.sos,1,165
3state1ap0acc_093320.sos,3state1ap0acc_077381.sos,3state1ap0acc_025912.sos,1,517
3state1ap0acc_021668.sos,3state1ap0acc_028938.sos,3state1ap0acc_075844.sos,1,418
3state1ap0acc_025360.sos,3state1ap0acc_024752_c.sos,3state1ap0acc_030792.sos,1,146
3state1ap0acc_028809.sos,3state1ap1acc_parity_52966326576_c.sos,3state1ap0acc_006692.sos,1,17
2state1ap2acc_parity_1528190125_c.sos,2state1ap1acc_00312_c.sos,3state1ap0acc_021938_c.sos,1,8
3state1ap0acc_106912_c.sos,2state1ap1acc_05760_c.sos,3state1ap0acc_075850.sos,1,868
3state1ap0acc_091500_c.sos,3state1ap0acc_022049_c.sos,3state1ap0acc_076324.sos,1,1918
3state1ap1acc_parity_34972191752.sos,2state1ap2acc_parity_2727298372.sos,2state1ap2acc_parity_2697937154.sos,1,24
3state1ap2acc_parity_2394189647080323615534.sos,3state1ap0acc_006426_c.sos,2state1ap1acc_01666.sos,1,56
3state1ap1acc_00274207378_c.sos,3state1ap0acc_074828.sos,3state1ap0acc_079364.sos,1,2527
3state1ap0acc_030724.sos,3state1ap0acc_078504.sos,3state1ap0acc_024692.sos,1,402
3state1ap0acc_030862.sos,3state1ap0acc_112654_c.sos,3state1ap0acc_006328.sos,1,224
3state1ap1acc_parity_19596093573_c.sos,3state1ap0acc_004230_c.sos,3state1ap0acc_076292.sos,1,23
3state1ap0acc_076292_c.sos,3state1ap0acc_006172.sos,2state1ap2acc_parity_0024584610_c.sos,1,37
3state1ap0acc_004552.sos,3state1ap0acc_021936_c.sos,3state1ap0acc_071702_c.sos,1,1811
3state1ap0acc_005637.sos,3state1ap0acc_025173_c.sos,3state1ap0acc_006156.sos,1,47
3state1ap2acc_parity_0226603284168771633733.sos,3state1ap0acc_029742.sos,3state1ap0acc_080389.sos,1,111
3state1ap0acc_029268.sos,3state1ap0acc_078420.sos,3state1ap0acc_074056_c.sos,1,1366
3state1ap0acc_006308.sos,3state1ap0acc_024741.sos,3state1ap0acc_092426.sos,1,677
3state1ap0acc_070040.sos,3state1ap0acc_075782_c.sos,2state1ap2acc_parity_0001417481.sos,1,225
3state1ap0acc_069706_c.sos,2state1ap2acc_parity_0098403592_c.sos,3state1ap0acc_075333_c.sos,1,39
2state1ap1acc_19554_c.sos,3state1ap0acc_029784_c.sos,3state1ap0acc_006172.sos,1,54
2state1ap1acc_01732.sos,4state1ap1acc_parity_00280360117663759008.sos,3state1ap1acc_19663242261.sos,1,17
3state1ap0acc_007208_c.sos,3state1ap0acc_080072_c.sos,3state1ap0acc_024946_c.sos,1,429
2state1ap2acc_parity_1094757452_c.sos,3state1ap0acc_069784.sos,3state1ap0acc_079429.sos,1,27
3state1ap0acc_091816.sos,3state1ap0acc_030228.sos,3state1ap0acc_074860_c.sos,1,699
3state1ap0acc_004390.sos,3state1ap0acc_078858.sos,3state1ap0acc_024720_c.sos,1,17
3state1ap1acc_00144094378_c.sos,3state1ap0acc_005252.sos,3state1ap0acc_029006.sos,1,4
3state1ap0acc_021025_c.sos,3state1ap2acc_parity_0003551095219024464900.sos,2state1ap2acc_parity_2282241724.sos,1,63
3state1ap0acc_007300_c.sos,3state1ap1acc_11853170362_c.sos,3state1ap0acc_004536.sos,1,22
3state1ap0acc_080904.sos,3state1ap0acc_021041_c.sos,3state1ap0acc_013668_c.sos,1,2429
3state1ap0acc_006470_c.sos,3state1ap0acc_006428_c.sos,3state1ap0acc_006413.sos,1,1315
3state1ap0acc_007300.sos,3state1ap0acc_069894.sos,3state1ap0acc_026257.sos,1,35
4state1ap1acc_parity_00109217788677112663.sos,2state1ap2acc_parity_1083056266.sos,4state1ap1acc_parity_00946329868362653761.sos,1,5
3state1ap0acc_005134.sos,2state1ap2acc_parity_0018089248_c.sos,3state1ap0acc_111010.sos,1,12
3state2ap2acc_parity_16076481735005145130021661902284520316811506.sos,2state2ap2acc_parity_04742318494627950818_c.sos,3state2ap2acc_parity_07107231518570232295853715735618666211050569.sos,1,104
3state1ap1acc_22767130625.sos,3state1ap0acc_006174_c.sos,3state1ap0acc_070662_c.sos,1,41
3state1ap0acc_025905_c.sos,3state1ap0acc_024696.sos,3state1ap0acc_079880.sos,1,515
3state1ap0acc_074392.sos,3state1ap2acc_parity_0207865907180438673670.sos,2state1ap2acc_parity_0027829076_c.sos,1,60
2state1ap1acc_06528_c.sos,3state1ap0acc_090446_c.sos,3state1ap0acc_024849.sos,1,2
3state1ap0acc_078088_c.sos,2state1ap2acc_parity_1160421898_c.sos,3state1ap0acc_071942.sos,1,450
3state1ap0acc_076805_c.sos,3state1ap0acc_030726_c.sos,3state1ap0acc_030984_c.sos,1,631
3state1ap0acc_007434_c.sos,3state1ap0acc_005257_c.sos,3state1ap0acc_076136.sos,1,57
3state1ap0acc_090629.sos,3state1ap1acc_09288548440.sos,3state1ap0acc_004630.sos,1,24
3state1ap0acc_079492_c.sos,2state1ap2acc_parity_1367673344_c.sos,3state1ap0acc_015752_c.sos,1,803
2state2ap2acc_parity_09981525486868144193.sos,2state2ap1acc_parity_3024546618_c.sos,3state2ap2acc_parity_04578420297325349813570541954026539647043821_c.sos,1,1532
3state1ap0acc_005382_c.sos,3state1ap0acc_079365_c.sos,3state1ap0acc_025968_c.sos,1,1862
3state1ap0acc_110756.sos,3state1ap1acc_00265838612.sos,3state1ap0acc_074344.sos,1,167
3state1ap0acc_074092_c.sos,3state1ap0acc_021778_c.sos,3state1ap0acc_090728_c.sos,1,188
3state1ap0acc_074261.sos,2state1ap2acc_parity_0005106434.sos,2state1ap2acc_parity_0002957056.sos,1,6
3state1ap1acc_00473991264_c.sos,2state1ap2acc_parity_1093279572.sos,4state1ap1acc_parity_00512655370053156929.sos,1,61
2state1ap2acc_parity_0344556040.sos,3state1ap1acc_18465629186.sos,3state1ap0acc_025261.sos,1,7
3state1ap0acc_005300_c.sos,3state1ap0acc_029268_c.sos,3state1ap0acc_029325_c.sos,1,1635
3state1ap1acc_parity_24226480736_c.sos,3state1ap1acc_parity_19394793126.sos,3state1ap0acc_079429_c.sos,1,43
3state1ap0acc_076074.sos,3state1ap1acc_parity_44575000737.sos,3state1ap0acc_029772_c.sos,1,269
2state1ap0acc_036.sos,3state1ap0acc_079946_c.sos,2state1ap2acc_parity_0572212224.sos,1,18
3state1ap0acc_091244.sos,3state1ap0acc_069800.sos,3state1ap0acc_022112_c.sos,1,164
3state1ap0acc_030884.sos,3state1ap0acc_074084_c.sos,3state1ap0acc_005800.sos,1,695
3state1ap0acc_075116_c.sos,3state1ap0acc_004390_c.sos,3state1ap0acc_076430.sos,1,94
2state2ap2acc_parity_06360534675873411890_c.sos,2state2ap2acc_parity_16767473899853687770.sos,2state2ap2acc_parity_08608609063112106199_c.sos,1,20
3state1ap0acc_007177_c.sos,3state1ap0acc_028998.sos,2state1ap2acc_parity_0138730120_c.sos,1,23
3state1ap0acc_004740.sos,3state1ap0acc_069704_c.sos,2state1ap1acc_01176.sos,1,2
3state1ap0acc_005422_c.sos,3state1ap0acc_024713_c.sos,3state1ap1acc_02756182682_c.sos,1,13
2state1ap2acc_parity_0027829076.sos,3state1ap0acc_077898_c.sos,3state1ap0acc_090446.sos,1,6
4state1ap1acc_parity_00512655370053156929_c.sos,3state1ap0acc_004504.sos,3state1ap0acc_072334.sos,1,23
3state1ap1acc_17316852264_c.sos,3state1ap0acc_029356_c.sos,3state1ap0acc_024665.sos,1,56
3state1ap0acc_005144_c.sos,3state1ap0acc_005860_c.sos,3state1ap0acc_021025.sos,1,18
3state1ap0acc_013908_c.sos,3state1ap1acc_parity_19394595852_c.sos,2state1ap2acc_parity_0002867712.sos,1,164
3state1ap1acc_06712019249_c.sos,3state1ap0acc_074020.sos,3state1ap0acc_004613.sos,1,22
3state1ap1acc_18465629186.sos,3state1ap1acc_parity_19462283265.sos,3state1ap2acc_parity_0621461284216197900356.sos,1,17
2state1ap1acc_18752_c.sos,3state1ap0acc_071302_c.sos,3state1ap0acc_029204.sos,1,344
2state1ap2acc_parity_0089473569_c.sos,3state1ap0acc_024773.sos,3state1ap0acc_106728.sos,1,49
2state2ap2acc_parity_10415250806679194641.sos,2state2ap2acc_parity_15920898973842166266_c.sos,2state2ap2acc_parity_08203325974713719863_c.sos,1,18
3state1ap0acc_026648.sos,4state1ap1acc_parity_02717922398136438273_c.sos,3state1ap2acc_parity_0207865907180438673670.sos,1,292
3state1ap2acc_parity_2454085339158517099525_c.sos,3state1ap1acc_parity_20955287557_c.sos,3state1ap1acc_22687934472_c.sos,1,9
3state1ap0acc_025172_c.sos,3state1ap0acc_012568_c.sos,3state1ap0acc_071772_c.sos,1,739
3state1ap0acc_106633.sos,2state1ap2acc_parity_1431978117_c.sos,3state1ap0acc_072710_c.sos,1,373
1state3ap1acc_05865.sos,1state3ap1acc_00366_c.sos,2state3ap1acc_parity_07982736305718213420.sos,1,1
3state1ap0acc_024944_c.sos,3state1ap0acc_024692_c.sos,3state1ap0acc_029804_c.sos,1,4406
3state1ap0acc_070316_c.sos,3state1ap0acc_071064.sos,2state1ap2acc_parity_0353435695.sos,1,223
3state1ap0acc_030028_c.sos,2state1ap1acc_01154_c.sos,2state1ap2acc_parity_0152260743.sos,1,15
3state1ap0acc_013704.sos,3state1ap2acc_parity_0157525302772576158087_c.sos,3state1ap0acc_021542_c.sos,1,1228
3state1ap0acc_021670_c.sos,3state1ap0acc_071182.sos,2state1ap2acc_parity_0022079492_c.sos,1,1063
3state1ap1acc_17316852264.sos,3state1ap0acc_030732.sos,3state1ap0acc_025648.sos,1,1062
3state1ap1acc_parity_35300339872_c.sos,3state1ap1acc_00265838612_c.sos,3state1ap0acc_030862.sos,1,85
3state1ap0acc_005422.sos,2state1ap2acc_parity_1413805336.sos,3state1ap1acc_parity_00545282680_c.sos,1,7
3state1ap0acc_071822.sos,2state1ap2acc_parity_0274311170.sos,3state1ap0acc_024835.sos,1,5
3state1ap1acc_02229236748.sos,3state1ap0acc_021025_c.sos,3state1ap0acc_013909_c.sos,1,19
3state1ap0acc_073993.sos,3state1ap0acc_021657.sos,2state1ap1acc_17184.sos,1,64
3state1ap0acc_091652_c.sos,3state1ap0acc_074764_c.sos,3state1ap0acc_006292_c.sos,1,152
3state1ap0acc_031248.sos,3state1ap0acc_007348_c.sos,3state1ap0acc_070296.sos,1,90
3state1ap0acc_079445.sos,3state1ap0acc_004428.sos,3state1ap1acc_parity_17355320612_c.sos,1,34
2state1ap2acc_parity_0047726660_c.sos,2state1ap2acc_parity_0717635593.sos,3state1ap0acc_007324_c.sos,1,95
3state2ap2acc_parity_18271217756210020166725179653878489223729172.sos,2state2ap2acc_parity_08145707971420113983_c.sos,2state2ap2acc_parity_06404682670722589112.sos,1,82
3state1ap0acc_007206.sos,3state1ap0acc_080038.sos,3state1ap0acc_027161.sos,1,186
3state1ap0acc_029705_c.sos,3state1ap0acc_012377_c.sos,3state1ap0acc_096280.sos,1,929
3state1ap1acc_02424312715.sos,3state1ap0acc_030860.sos,2state1ap2acc_parity_0022973824_c.sos,1,44
3state1ap0acc_013892.sos,3state1ap1acc_parity_52882319568_c.sos,3state1ap0acc_007820_c.sos,1,420
3state1ap0acc_025625.sos,3state1ap1acc_00577895438.sos,3state1ap0acc_021093_c.sos,1,48
3state1ap0acc_013317_c.sos,3state1ap0acc_025058_c.sos,3state1ap0acc_090640_c.sos,1,15
3state1ap0acc_079400_c.sos,3state1ap0acc_071768_c.sos,3state1ap0acc_078920_c.sos,1,49
4state1ap2acc_parity_061054191481830659958929156791895426700_c.sos,3state1ap1acc_parity_09932264476.sos,3state1ap0acc_005148.sos,1,24
3state1ap0acc_071756.sos,2state1ap2acc_parity_1082231338_c.sos,4state1ap2acc_parity_189524291821398297457560207943178585638.sos,1,296
1state3ap1acc_00844_c.sos,2state3ap1acc_parity_15837219682816402052_c.sos,1state3ap1acc_05761.sos,1,19
3state1ap0acc_092681_c.sos,2state1ap2acc_parity_0004538925.sos,3state1ap0acc_021073.sos,1,14
3state1ap0acc_013644.sos,3state1ap1acc_parity_54223979034.sos,4state1ap1acc_parity_04925124450998633873.sos,1,17
3state1ap1acc_parity_52882319568.sos,3state1ap2acc_parity_0148944075204556934340_c.sos,3state1ap0acc_074852.sos,1,75
3state1ap0acc_028812.sos,2state1ap1acc_06600.sos,3state1ap0acc_004276.sos,1,9
2state1ap1acc_00280.sos,3state1ap0acc_005796.sos,3state1ap0acc_091468.sos,1,115
3state1ap0acc_029976_c.sos,3state1ap1acc_01254180341.sos,3state1ap0acc_004504.sos,1,868
3state1ap0acc_005384_c.sos,3state1ap0acc_025632_c.sos,3state1ap0acc_007452_c.sos,1,89
3state1ap0acc_029316.sos,3state1ap0acc_021736.sos,3state1ap0acc_013388_c.sos,1,71
3state1ap0acc_005129_c.sos,3state1ap0acc_072206.sos,3state1ap0acc_004649_c.sos,1,17
3state1ap0acc_074373.sos,3state1ap0acc_007844_c.sos,4state1ap1acc_parity_00280360117663759008_c.sos,1,9
3state1ap0acc_026680.sos,3state1ap0acc_021092_c.sos,2state1ap1acc_04376_c.sos,1,3884
